Descriptor ID,Fitness,Algorithm,Dimen,R2,R2_Valid,R2_Test,RMSE,MAE,Prediction
"[118, 174, 211, 284, 295, 358, 385, 518, 563, 697]",2.598,GA with MLR,10,0.3954,0.3943,0.3833,1.3659,1.0113,0.6197
"[235, 304, 413, 489, 493, 554]",1.5084,GA with MLR,6,0.3987,0.2822,0.2993,1.456,1.2114,0.4507
"[17, 20, 90, 460, 531, 678]",1.5485,GA with MLR,6,0.3357,0.2933,0.2557,1.5007,1.1796,0.4789
"[42, 164, 279, 415, 433, 571, 907]",2.1237,GA with MLR,7,0.2744,0.2236,0.1955,1.5602,1.2866,0.5211
"[167, 228, 267, 269, 340, 492, 514]",2.1274,GA with MLR,7,0.2525,0.2537,0.2761,1.48,1.1514,0.507
"[6, 211, 226, 230, 255, 306, 328, 394, 558]",2.4356,GA with MLR,9,0.3661,0.3337,0.2485,1.5079,1.2176,0.5775
"[5, 58, 93, 203, 296, 460, 542]",1.9257,GA with MLR,7,0.4339,0.4434,0.4096,1.3365,1.0535,0.5775
"[39, 137, 200, 260, 314, 351, 427, 691]",2.2018,GA with MLR,8,0.3596,0.4108,0.3647,1.3865,1.0811,0.5211
"[98, 118, 251, 284, 382, 404, 413, 489, 506, 568]",2.5786,GA with MLR,10,0.4084,0.4176,0.4269,1.3168,1.097,0.493
"[146, 147, 192]",1.4964,GA with MLR,3,0.2276,0.2994,0.1426,1.6106,1.2656,0.507
"[66, 83, 87, 120, 147, 150, 154, 204, 287, 296, 340, 463, 545, 906]",3.3892,GA with MLR,14,0.4883,0.3308,0.3217,1.4326,1.1508,0.507
"[70, 85, 170, 241, 289, 292, 320, 373, 466, 491, 553]",2.8109,GA with MLR,11,0.4457,0.2932,0.1838,1.5715,1.2329,0.5211
"[58, 108, 244, 369, 403, 408, 512]",1.9249,GA with MLR,7,0.3758,0.5526,0.5011,1.2286,1.0015,0.5493
"[188, 213, 297, 327, 417, 496, 872]",2.0066,GA with MLR,7,0.3155,0.4604,0.3547,1.3974,1.1246,0.5211
"[0, 95, 141, 221, 252, 286, 533, 551]",2.1838,GA with MLR,8,0.3792,0.4199,0.3852,1.3639,1.1122,0.507
"[49, 75, 83, 137, 279, 941]",1.6088,GA with MLR,6,0.2567,0.2752,0.2686,1.4876,1.1518,0.5352
"[32, 35, 38, 161, 202, 219, 444, 557]",2.2369,GA with MLR,8,0.3276,0.3802,0.3767,1.3733,1.1116,0.5211
"[48, 117, 270, 448, 536]",1.3492,GA with MLR,5,0.4125,0.514,0.4812,1.2529,1.0054,0.6197
"[97, 104, 190, 308, 312, 319, 337, 536]",2.2192,GA with MLR,8,0.3586,0.3686,0.3067,1.4483,1.1625,0.5211
"[199, 249, 340, 365, 460, 852]",1.6294,GA with MLR,6,0.2856,0.1635,0.1139,1.6374,1.3344,0.4366
"[182, 204, 390, 504, 521, 697]",1.4859,GA with MLR,6,0.3765,0.3815,0.3836,1.3657,1.0423,0.5915
"[1, 51, 134, 138, 205, 353, 474]",1.9516,GA with MLR,7,0.3829,0.4745,0.3275,1.4264,1.1403,0.507
"[99, 190, 198, 332, 381, 425, 466, 520, 542, 572, 678, 872]",2.9405,GA with MLR,12,0.4568,0.4568,0.4207,1.324,1.0206,0.5634
"[34, 107, 178, 181, 384, 531, 555]",1.9973,GA with MLR,7,0.3901,0.3467,0.3609,1.3906,1.1161,0.5634
"[0, 51, 62, 112, 212, 224, 496, 556, 678]",2.3923,GA with MLR,9,0.353,0.4655,0.3845,1.3647,1.0751,0.5915
"[1, 60, 122, 191, 216, 325, 353, 415, 481, 678]",2.5867,GA with MLR,10,0.3737,0.4607,0.4639,1.2736,1.0164,0.5211
"[172, 214, 238, 246, 353, 423, 482, 650]",2.3279,GA with MLR,8,0.2592,0.2633,0.1984,1.5574,1.2543,0.4648
"[93, 115, 141, 190, 225, 243, 280, 631, 681, 690, 703, 908]",3.0064,GA with MLR,12,0.4013,0.4036,0.4289,1.3146,1.0911,0.507
"[35, 48, 104, 161, 202, 690]",1.485,GA with MLR,6,0.3287,0.4726,0.3971,1.3506,1.0814,0.5352
"[121, 218, 267, 433, 444, 506]",1.5277,GA with MLR,6,0.3507,0.3208,0.3978,1.3498,1.0952,0.5352
"[101, 123, 191, 316, 347, 384, 385, 414, 452, 541, 562, 698]",3.0574,GA with MLR,12,0.3499,0.3723,0.3335,1.4201,1.151,0.5211
"[90, 151, 458, 481, 537, 650]",1.5876,GA with MLR,6,0.3224,0.2118,0.2955,1.46,1.1842,0.5352
"[32, 36, 236, 364, 394, 939]",1.5031,GA with MLR,6,0.3455,0.395,0.3419,1.4111,1.1562,0.5211
"[39, 47, 115, 293, 316, 337, 379, 478]",2.2039,GA with MLR,8,0.3904,0.3491,0.3586,1.3931,1.0894,0.5915
"[41, 297, 358, 402, 444, 651]",1.6019,GA with MLR,6,0.281,0.2492,0.1851,1.5703,1.2501,0.507
"[5, 62, 108, 180, 240, 340, 476, 510]",2.2081,GA with MLR,8,0.3406,0.4297,0.2933,1.4623,1.1416,0.5915
"[87, 96, 233, 299, 503, 511]",1.5646,GA with MLR,6,0.2626,0.3857,0.3201,1.4342,1.167,0.4507
"[171, 289, 319, 347, 376, 401, 411, 442, 513, 929]",2.6714,GA with MLR,10,0.3423,0.3074,0.2287,1.5276,1.1759,0.5211
"[97, 321, 326, 346, 428, 545, 693, 938]",2.2378,GA with MLR,8,0.3227,0.3868,0.3403,1.4128,1.1545,0.4366
"[78, 334, 551, 681]",1.5489,GA with MLR,4,0.1894,0.2402,0.0415,1.703,1.3597,0.4366
"[74, 101, 202, 425, 568, 572, 867]",2.0112,GA with MLR,7,0.3672,0.3533,0.333,1.4206,1.155,0.5493
"[15, 31, 55, 117, 307, 344, 464, 541, 563, 816]",2.6321,GA with MLR,10,0.3525,0.3879,0.3813,1.3682,1.0765,0.507
"[296, 353, 357, 466, 697]",1.4749,GA with MLR,5,0.3683,0.275,0.3136,1.4412,1.1783,0.4648
"[2, 226, 369, 631]",1.4491,GA with MLR,4,0.2966,0.3235,0.3076,1.4475,1.2141,0.4225
"[156, 427, 468, 480, 481]",1.5909,GA with MLR,5,0.2529,0.1679,0.079,1.6693,1.3658,0.4366
"[278, 286, 296, 332, 344, 412, 477, 504]",2.2323,GA with MLR,8,0.3517,0.3479,0.3846,1.3646,1.0605,0.5775
"[167, 206, 305, 385, 417, 695]",1.62,GA with MLR,6,0.257,0.2433,0.2704,1.4858,1.1759,0.5634
"[189, 271, 353, 455, 514]",1.5711,GA with MLR,5,0.2009,0.3221,0.2993,1.456,1.2095,0.4366
"[49, 67, 76, 139, 290, 302, 358, 394, 499, 692, 867]",2.8641,GA with MLR,11,0.3809,0.2787,0.1474,1.6061,1.2421,0.507
"[137, 169, 295, 341, 494, 538, 700, 907]",2.1879,GA with MLR,8,0.3459,0.4707,0.4183,1.3267,1.1013,0.5352
"[45, 48, 55, 70, 117, 164, 211, 256, 270, 328, 448, 481, 536]",3.0829,GA with MLR,13,0.5085,0.5087,0.4798,1.2545,1.0014,0.5634
"[35, 146, 147, 192, 569, 929]",1.5048,GA with MLR,6,0.3057,0.4643,0.2468,1.5096,1.1865,0.493
"[48, 117, 270, 367, 378, 387, 426, 448, 471, 648]",2.5661,GA with MLR,10,0.444,0.3832,0.3877,1.3611,1.0896,0.5352
"[48, 117, 162, 270, 284, 448, 538]",1.955,GA with MLR,7,0.3997,0.435,0.4654,1.2718,1.0056,0.6056
"[35, 65, 78, 271, 331, 341, 357, 395, 398, 447, 826]",2.7958,GA with MLR,11,0.3863,0.4355,0.3036,1.4516,1.132,0.507
"[0, 42, 73, 111, 253, 330, 372, 383, 454, 465, 502, 555, 880]",3.1752,GA with MLR,13,0.4158,0.4696,0.3842,1.365,1.0683,0.5915
"[4, 183, 237, 239, 363, 547]",1.6155,GA with MLR,6,0.2848,0.2042,0.1677,1.5869,1.2668,0.4648
"[57, 145, 157, 198, 209, 218, 233, 276, 343, 369, 442, 448, 467, 481, 483, 493, 512, 523, 552, 680]",4.704,GA with MLR,20,0.4303,0.3109,0.3282,1.4257,1.1188,0.493
"[35, 107, 139, 198, 236, 313, 356, 411, 460, 492, 494, 872]",2.916,GA with MLR,12,0.4855,0.4604,0.4791,1.2554,0.9719,0.6056
"[45, 78, 179, 199, 226, 248, 292, 311, 347, 408, 427, 430, 450, 463, 489, 503, 524, 557]",4.2466,GA with MLR,18,0.513,0.249,0.3033,1.4519,1.1421,0.5352
"[183, 207, 231, 241, 242, 244, 246, 253, 321, 329, 378, 429, 551, 556, 698, 816, 864, 880]",4.1184,GA with MLR,18,0.5594,0.4373,0.495,1.2361,0.8681,0.7042
"[32, 78, 119, 146, 164, 191, 270, 281, 334, 365, 379, 437, 439, 466, 493, 504, 517, 938]",4.1835,GA with MLR,18,0.5094,0.3895,0.4107,1.3353,1.0914,0.5493
"[84, 108, 195, 306, 326, 340, 439, 443, 526, 528, 941]",2.8327,GA with MLR,11,0.3711,0.3735,0.4005,1.3468,1.0707,0.5493
"[5, 73, 76, 114, 136, 147, 291, 314, 354, 369, 443, 484, 540, 554]",3.3923,GA with MLR,14,0.4707,0.3544,0.3378,1.4155,1.1162,0.5211
"[206, 221, 309, 328, 474, 532, 571, 839, 869]",2.4506,GA with MLR,9,0.3256,0.3692,0.2715,1.4847,1.1464,0.5634
"[39, 73, 93, 111, 197, 237, 300, 326, 401, 819, 864]",2.8363,GA with MLR,11,0.3626,0.38,0.4093,1.3369,1.0751,0.4789
"[17, 116, 162, 195, 305, 317, 318, 322, 340, 409, 425, 445, 453, 567]",3.4917,GA with MLR,14,0.3635,0.3097,0.3258,1.4282,1.1726,0.493
"[81, 180, 260, 281, 352, 393, 475]",2.1014,GA with MLR,7,0.237,0.3542,0.2101,1.546,1.2429,0.4648
"[16, 57, 85, 95, 326, 337, 353, 381, 397, 412, 430, 510, 529, 694, 821, 871, 880]",3.9052,GA with MLR,17,0.5091,0.5307,0.4689,1.2676,1.0673,0.5493
"[75, 88, 136, 210, 229, 236, 253, 338, 465, 495, 648, 700]",2.9982,GA with MLR,12,0.3927,0.4381,0.3708,1.3798,1.0879,0.5634
"[65, 114, 130, 196, 235, 305, 311, 409, 446, 513, 559, 679]",3.1503,GA with MLR,12,0.3148,0.2002,0.0447,1.7001,1.3856,0.3944
"[55, 84, 105, 156, 240, 241, 242, 355, 357, 377, 413, 455, 482, 500]",3.4252,GA with MLR,14,0.4409,0.3315,0.4134,1.3322,1.0582,0.6056
"[46, 105, 122, 151, 300, 314, 321, 368, 382, 398, 433, 460, 538, 544, 551, 557, 871]",4.0033,GA with MLR,17,0.4681,0.3968,0.4149,1.3305,1.0642,0.5634
"[17, 41, 115, 124, 198, 271, 316, 346, 389, 544]",2.623,GA with MLR,10,0.3701,0.3786,0.3561,1.3958,1.0846,0.5352
"[73, 94, 112, 123, 178, 227, 261, 270, 426, 500, 530]",2.7254,GA with MLR,11,0.4754,0.4396,0.4945,1.2367,0.9767,0.6056
"[84, 122, 169, 232, 318, 533, 547, 650]",2.1939,GA with MLR,8,0.4279,0.3058,0.257,1.4994,1.1881,0.493
"[65, 72, 88, 168, 183, 211, 247, 347, 367, 495, 521, 542, 679, 699, 865]",3.6627,GA with MLR,15,0.3615,0.4045,0.305,1.4501,1.1498,0.5493
"[35, 77, 120, 138, 144, 244, 304, 321, 452, 472, 498]",2.8512,GA with MLR,11,0.3278,0.4054,0.2404,1.516,1.2066,0.493
"[31, 55, 90, 208, 241, 519]",1.5147,GA with MLR,6,0.3371,0.3802,0.2523,1.5041,1.1878,0.5211
"[31, 41, 62, 89, 137, 279, 309, 312, 328, 329, 399, 471, 514, 529, 531, 573]",3.8224,GA with MLR,16,0.5113,0.2595,0.4003,1.347,1.0622,0.5634
"[1, 33, 40, 69, 116, 136, 243, 263, 291, 325, 380, 438, 469, 537, 549, 681]",3.7623,GA with MLR,16,0.4898,0.4272,0.3572,1.3946,1.1186,0.5352
"[33, 45, 60, 113, 140, 147, 158, 202, 251, 276, 294, 299, 351, 540, 556, 839, 928]",4.0154,GA with MLR,17,0.4306,0.4349,0.4016,1.3455,1.0685,0.5211
"[101, 146, 246, 469, 569, 908, 930]",2.2018,GA with MLR,7,0.2025,0.134,0.2087,1.5474,1.2808,0.4789
"[73, 133, 167, 304, 376, 513, 533, 541, 631, 694, 907]",2.7181,GA with MLR,11,0.4687,0.4681,0.4591,1.2793,0.9949,0.5634
"[6, 177, 187, 200, 256, 289, 317, 504, 543, 631]",2.6477,GA with MLR,10,0.3873,0.2861,0.277,1.479,1.146,0.5352
"[169, 172, 298, 377, 383, 418, 456, 509, 514, 519, 563, 939]",3.0589,GA with MLR,12,0.3602,0.3503,0.3712,1.3793,1.0913,0.5352
"[139, 174, 256, 329, 405, 566]",1.6287,GA with MLR,6,0.2864,0.1642,0.0955,1.6543,1.2478,0.5211
"[105, 143, 185, 283, 395, 439, 471, 483, 519, 694]",2.6253,GA with MLR,10,0.3571,0.3966,0.3263,1.4278,1.1356,0.5352
"[174, 270, 296, 307, 310, 318, 331, 385, 400, 451, 457, 516]",2.8963,GA with MLR,12,0.4892,0.4971,0.4527,1.2868,1.0318,0.5634
"[63, 96, 121, 217, 220, 229, 337, 386, 393, 420, 474, 491, 648]",3.2137,GA with MLR,13,0.3789,0.4462,0.4382,1.3038,1.0297,0.5634
"[5, 55, 65, 95, 185, 186, 260, 298, 341, 428, 454]",2.7132,GA with MLR,11,0.4523,0.5084,0.4261,1.3178,1.0369,0.5915
"[3, 88, 142, 219, 235, 317, 340, 342, 344, 366, 428, 502, 520, 531, 543, 929]",3.8166,GA with MLR,16,0.4164,0.4356,0.4174,1.3277,1.0775,0.5211
"[68, 119, 120, 169, 246, 289, 301, 309, 320, 349, 350, 386, 403, 416, 417, 524]",3.7859,GA with MLR,16,0.4656,0.4182,0.3282,1.4258,1.1212,0.5493
"[46, 50, 78, 238, 307, 319, 334, 399, 486, 507, 532, 559, 574, 864, 867]",3.5804,GA with MLR,15,0.4382,0.4576,0.4538,1.2856,1.0184,0.5493
"[142, 189, 201, 348, 349, 353, 358, 370, 381, 450, 555]",2.8052,GA with MLR,11,0.3809,0.4226,0.3565,1.3954,1.1332,0.507
"[15, 32, 40, 41, 43, 88, 111, 199, 208, 233, 282, 301, 302, 349, 397, 450, 461, 477]",4.1038,GA with MLR,18,0.5496,0.4828,0.4902,1.2419,1.0262,0.5915
"[40, 86, 100, 156, 157, 161, 249, 272, 278, 299, 323, 432, 450, 494, 499, 534, 543, 549, 571, 821, 939]",4.8511,GA with MLR,21,0.5089,0.3165,0.3732,1.3771,1.001,0.5915
"[155, 169, 249, 327, 436, 469, 509, 515]",2.3558,GA with MLR,8,0.26,0.1849,0.3176,1.4369,1.208,0.4507
"[75, 102, 122, 164, 299, 404, 448, 514, 524, 546, 571]",2.86,GA with MLR,11,0.3494,0.3451,0.2579,1.4984,1.23,0.4225
"[67, 83, 112, 121, 138, 170, 198, 206, 223, 230, 324, 340, 380, 403, 430, 525, 526, 566, 695, 869, 872]",4.845,GA with MLR,21,0.4653,0.401,0.3027,1.4525,1.1086,0.5352
"[36, 81, 143, 180, 260, 281, 324, 352, 393, 464, 475, 552]",3.0357,GA with MLR,12,0.3526,0.42,0.3857,1.3634,1.1459,0.507
"[45, 78, 175, 179, 199, 226, 248, 292, 302, 311, 347, 408, 427, 430, 450, 463, 489, 503, 524, 557]",4.665,GA with MLR,20,0.5202,0.2452,0.2863,1.4695,1.1484,0.5211
"[64, 81, 106, 179, 199, 226, 247, 248, 292, 311, 347, 352, 408, 427, 430, 450, 463, 489, 503, 514, 524, 557, 572]",5.2829,GA with MLR,23,0.5516,0.2309,0.2842,1.4717,1.1716,0.4789
"[81, 174, 179, 199, 226, 248, 281, 292, 302, 311, 347, 408, 427, 430, 450, 463, 489, 503, 505, 524, 530, 555, 557]",5.2037,GA with MLR,23,0.554,0.3825,0.3764,1.3736,1.071,0.5775
"[2, 104, 260, 374, 413, 416, 490, 503, 545, 573]",2.6297,GA with MLR,10,0.3792,0.3457,0.3671,1.3839,1.1333,0.4789
"[15, 49, 67, 85, 91, 168, 200, 213, 242, 289, 326, 349, 389, 437, 468, 498, 870]",3.8692,GA with MLR,17,0.5081,0.6035,0.5159,1.2103,1.033,0.5352
"[48, 81, 101, 113, 126, 144, 183, 276, 313, 391, 396, 405, 428, 452, 462, 558, 572, 681]",4.3247,GA with MLR,18,0.4143,0.2412,0.3004,1.4549,1.1596,0.507
"[53, 89, 100, 194, 342, 368, 454, 473, 483]",2.4576,GA with MLR,9,0.3193,0.3627,0.3157,1.4389,1.133,0.5352
"[76, 108, 181, 224, 256, 267, 278, 354, 372, 423, 478, 490, 542]",3.2518,GA with MLR,13,0.4041,0.3118,0.4987,1.2316,0.9322,0.662
"[171, 184, 191, 199, 218, 244, 255, 399, 497, 502, 517, 562, 569, 695]",3.3405,GA with MLR,14,0.5146,0.3924,0.3818,1.3677,1.0632,0.5493
"[47, 58, 103, 115, 161, 292, 295, 388, 419, 429, 459, 501, 867]",3.1152,GA with MLR,13,0.4616,0.522,0.4445,1.2964,1.0355,0.507
"[232, 309, 360]",1.4514,GA with MLR,3,0.3228,0.2468,0.2181,1.5381,1.2575,0.4648
"[163, 448, 477, 496, 538, 551]",1.5752,GA with MLR,6,0.2692,0.3446,0.2358,1.5206,1.2029,0.493
"[31, 42, 100, 132, 212, 288, 313, 466, 475, 548, 699]",2.8661,GA with MLR,11,0.3741,0.2856,0.382,1.3675,1.1329,0.493
"[97, 103, 150, 191, 222, 325, 327, 372, 385, 425, 696]",2.8407,GA with MLR,11,0.3283,0.4305,0.3329,1.4207,1.1276,0.5493
"[169, 170, 333, 342, 350, 366, 369, 392, 451, 474, 497, 703, 940]",3.2046,GA with MLR,13,0.432,0.3737,0.3473,1.4053,1.1452,0.5211
"[112, 155, 211, 213, 241, 280, 319, 365, 407, 443, 457, 515, 555, 871]",3.3964,GA with MLR,14,0.3967,0.4744,0.4237,1.3205,1.0716,0.5493
"[5, 51, 67, 110, 122, 168, 191, 197, 226, 247, 263, 281, 299, 376, 377, 437, 487, 505, 513, 678, 698]",4.7609,GA with MLR,21,0.5952,0.3542,0.6768,0.9888,0.7422,0.6761
"[15, 120, 125, 155, 211, 229, 230, 286, 365, 422, 453, 461, 480, 554, 556, 872]",3.7904,GA with MLR,16,0.422,0.4833,0.3264,1.4277,1.1145,0.5634
"[35, 92, 111, 134, 158, 164, 184, 208, 217, 222, 245, 314, 408, 433, 448, 459, 505, 507, 515, 554, 872]",4.8095,GA with MLR,21,0.5584,0.3194,0.4236,1.3206,1.0384,0.5352
"[95, 245, 287, 295, 345, 358, 513, 547, 649, 940]",2.6002,GA with MLR,10,0.3749,0.426,0.4299,1.3134,1.0738,0.507
"[17, 20, 81, 91, 116, 129, 134, 145, 167, 233, 319, 357, 418, 485, 492, 504, 546, 549, 692, 700]",4.6424,GA with MLR,20,0.4838,0.3531,0.4628,1.275,1.0598,0.5211
"[32, 57, 104, 105, 159, 233, 238, 284, 342, 408, 449, 543, 696, 700]",3.4438,GA with MLR,14,0.4238,0.3182,0.3772,1.3727,1.0948,0.4789
"[83, 102, 135, 175, 222, 244, 245, 296, 301, 347, 380, 387, 437, 517, 539, 566, 574, 908]",4.209,GA with MLR,18,0.4795,0.3866,0.3691,1.3817,1.1122,0.4789
"[2, 38, 42, 89, 90, 101, 115, 146, 199, 284, 305, 466, 690, 941]",3.5749,GA with MLR,14,0.3908,0.0551,0.2019,1.554,1.1682,0.5493
"[51, 103, 141, 151, 163, 188, 219, 242, 270, 296, 344, 348, 351, 411, 449, 458, 703]",3.951,GA with MLR,17,0.4904,0.4694,0.5359,1.185,0.968,0.5775
"[69, 83, 124, 129, 138, 148, 244, 374, 387, 540, 548, 690]",2.9794,GA with MLR,12,0.425,0.4244,0.3717,1.3788,1.0791,0.5493
"[51, 117, 226, 247, 322, 429, 469, 496, 555]",2.3489,GA with MLR,9,0.3887,0.5056,0.4198,1.325,1.0751,0.5775
"[34, 42, 77, 101, 119, 137, 297, 306, 326, 353, 471, 475, 478, 493, 537]",3.6936,GA with MLR,15,0.4322,0.2092,0.32,1.4343,1.155,0.5211
"[103, 116, 155, 177, 189, 275, 279, 391, 417, 474, 517, 525, 547, 566, 649, 938]",3.7688,GA with MLR,16,0.4881,0.4163,0.4482,1.2921,0.9832,0.6197
"[0, 54, 109, 112, 145, 153, 347, 352, 373, 533, 547, 561, 908]",3.1039,GA with MLR,13,0.4407,0.5832,0.5503,1.1664,0.9284,0.5915
"[68, 85, 89, 106, 117, 176, 182, 188, 224, 230, 255, 275, 333, 398, 414, 517, 522, 532, 549]",4.3557,GA with MLR,19,0.5101,0.4652,0.4348,1.3077,1.0639,0.507
"[154, 160, 165, 231, 251, 271, 275, 305, 390, 405, 406, 478, 509, 525, 532, 549]",3.8018,GA with MLR,16,0.4133,0.4734,0.1808,1.5744,1.1461,0.5211
"[33, 94, 147, 199, 318, 366, 398, 429, 481, 676]",2.5906,GA with MLR,10,0.3954,0.4121,0.2579,1.4985,1.1642,0.5634
"[3, 42, 54, 107, 177, 190, 206, 210, 214, 225, 376, 429, 698]",3.1764,GA with MLR,13,0.4105,0.4762,0.4021,1.345,1.0868,0.5775
"[6, 80, 113, 202, 330, 367, 395, 436, 488, 511, 516, 557, 930]",3.2687,GA with MLR,13,0.3661,0.338,0.1963,1.5594,1.1796,0.5352
"[79, 82, 95, 116, 144, 156, 291, 299, 312, 370, 390, 411, 422, 477, 525, 527, 543, 565, 567, 690]",4.5988,GA with MLR,20,0.527,0.3708,0.4275,1.3161,1.0549,0.5634
"[56, 127, 234, 250, 254, 328, 371, 448, 557, 564]",2.6874,GA with MLR,10,0.3276,0.2927,0.329,1.4249,1.1208,0.5211
"[38, 69, 81, 107, 209, 247, 352, 425, 452]",2.3759,GA with MLR,9,0.3635,0.4865,0.4215,1.323,1.0304,0.5775
"[73, 91, 242, 260, 358, 470, 511, 516]",2.148,GA with MLR,8,0.4239,0.4257,0.3774,1.3725,1.0946,0.5352
"[66, 114, 123, 140, 144, 255, 407, 478, 555, 868, 869]",2.7711,GA with MLR,11,0.3747,0.5146,0.3909,1.3576,1.0613,0.5352
"[45, 113, 128, 155, 159, 161, 188, 202, 251, 279, 312, 425, 429, 522, 615]",3.5381,GA with MLR,15,0.4517,0.5256,0.5249,1.1989,0.9211,0.6479
"[89, 94, 127, 137, 164, 244, 261, 315, 340, 353, 384, 436, 470, 471, 491, 561, 908]",3.982,GA with MLR,17,0.451,0.4715,0.5037,1.2254,1.0072,0.5352
"[62, 140, 225, 233, 252, 256, 331, 428, 449, 498, 540, 547, 566]",3.2068,GA with MLR,13,0.4491,0.3386,0.4138,1.3318,1.08,0.5211
"[79, 103, 182, 196, 256, 366, 373, 384, 398, 418, 519, 937]",3.0146,GA with MLR,12,0.3807,0.4206,0.3493,1.4031,1.1223,0.5211
"[2, 151, 423, 432, 473, 545, 696]",2.0155,GA with MLR,7,0.3242,0.4214,0.4073,1.3391,1.0936,0.507
"[130, 156, 206, 236, 243, 248, 343, 450, 472, 564, 631, 690]",3.0015,GA with MLR,12,0.4194,0.3829,0.2649,1.4914,1.1369,0.5775
"[16, 59, 117, 136, 277, 298, 300, 353, 413, 421, 423, 428, 482, 489, 495, 700, 819, 906]",4.1031,GA with MLR,18,0.5423,0.4965,0.5648,1.1475,0.9517,0.5775
"[46, 51, 169, 177, 295, 302, 343, 379, 466, 484, 560]",2.8928,GA with MLR,11,0.3582,0.2467,0.263,1.4933,1.1997,0.493
"[81, 122, 126, 136, 178, 197, 226, 306, 311, 355, 432, 436, 503, 515, 908]",3.7,GA with MLR,15,0.4366,0.1861,0.3784,1.3714,1.0974,0.5634
"[5, 44, 51, 67, 110, 122, 168, 191, 197, 226, 247, 263, 269, 281, 299, 330, 376, 377, 397, 404, 437, 485, 487, 488, 505, 513, 678, 698]",6.1404,GA with MLR,28,0.6538,0.444,0.5771,1.1311,0.8344,0.6761
"[149, 168, 171, 184, 191, 199, 204, 218, 223, 244, 255, 390, 399, 433, 497, 502, 517, 558, 562, 569, 695]",4.6992,GA with MLR,21,0.5885,0.4816,0.5004,1.2295,0.9564,0.5915
"[5, 51, 67, 68, 110, 122, 144, 168, 191, 197, 225, 226, 247, 263, 281, 299, 376, 377, 414, 437, 497, 502, 517, 531, 562, 569, 695]",5.8756,GA with MLR,27,0.6341,0.5595,0.6225,1.0688,0.8304,0.7183
"[5, 20, 51, 67, 110, 122, 168, 191, 197, 226, 231, 247, 260, 263, 281, 299, 326, 376, 377, 437, 497, 502, 517, 562, 569, 695, 826]",5.8737,GA with MLR,27,0.6354,0.5604,0.6176,1.0756,0.8666,0.6901
"[80, 165, 227, 248, 279, 368, 374, 529]",2.1633,GA with MLR,8,0.4179,0.3994,0.3552,1.3968,1.1627,0.5352
"[43, 135, 154, 174, 199, 223, 290, 363, 459, 527, 573, 690]",2.9559,GA with MLR,12,0.4481,0.4375,0.2708,1.4854,1.2099,0.4225
"[58, 159, 184, 222, 306, 311, 365, 374, 509, 511, 512, 514, 519]",3.2727,GA with MLR,13,0.4023,0.2645,0.2925,1.4631,1.1493,0.5211
"[119, 156, 356, 434, 485, 500, 504, 518, 526, 557, 697, 816, 865]",3.1844,GA with MLR,13,0.4498,0.3888,0.4578,1.2808,1.0422,0.5211
"[41, 48, 81, 100, 108, 154, 178, 183, 195, 251, 270, 338, 421, 431, 455, 480, 495, 504, 536, 563]",4.5706,GA with MLR,20,0.55,0.3893,0.3368,1.4166,0.9839,0.6197
"[44, 89, 144, 151, 169, 247, 367, 369, 373, 453, 472, 481, 515, 570, 816, 906]",3.8176,GA with MLR,16,0.4268,0.4156,0.4666,1.2704,1.0239,0.5211
"[60, 72, 151, 154, 180, 192, 249, 413, 437, 457, 458, 469, 479, 492, 513, 651]",3.8199,GA with MLR,16,0.4632,0.3477,0.3846,1.3646,1.0957,0.5493
"[62, 104, 163, 205, 286, 305, 311, 312, 320, 380, 391, 441, 486, 676]",3.3759,GA with MLR,14,0.475,0.3839,0.2617,1.4947,1.2409,0.493
"[123, 165, 299, 347, 372, 470, 511, 538, 542, 693]",2.6939,GA with MLR,10,0.3445,0.2453,0.1595,1.5947,1.2442,0.507
"[40, 44, 48, 82, 90, 120, 249, 281, 295, 308, 353, 475, 481, 553, 869]",3.6858,GA with MLR,15,0.4118,0.263,0.2122,1.5439,1.2379,0.507
"[81, 141, 196, 248, 284, 427, 465, 480, 515, 525, 531]",2.8458,GA with MLR,11,0.355,0.3704,0.3101,1.4448,1.1581,0.5493
"[16, 64, 81, 121, 278, 566, 678, 697]",2.2643,GA with MLR,8,0.3049,0.3502,0.2914,1.4642,1.1265,0.5352
"[96, 108, 159, 205, 222, 231, 244, 323, 389, 394, 409, 425, 481, 513, 529, 532]",3.8983,GA with MLR,16,0.4057,0.2679,0.281,1.475,1.0964,0.5775
"[94, 110, 167, 217, 230, 361, 441, 676, 699]",2.3819,GA with MLR,9,0.4,0.4056,0.3995,1.3479,1.0678,0.5775
"[38, 49, 50, 91, 96, 119, 157, 214, 226, 300, 315, 316, 336, 442, 485, 489, 564, 566, 816, 868]",4.5374,GA with MLR,20,0.5743,0.4138,0.3461,1.4065,1.0891,0.6197
"[95, 165, 177, 255, 260, 276, 292, 401, 415, 537, 572]",2.8132,GA with MLR,11,0.4115,0.3488,0.2458,1.5106,1.1826,0.5493
"[129, 187, 189, 260, 295, 358, 366, 370, 382, 389, 483, 514, 539, 703]",3.386,GA with MLR,14,0.4478,0.4088,0.3748,1.3754,1.1057,0.5915
"[109, 113, 122, 158, 230, 275, 374, 410, 415, 491, 543, 695, 867, 880]",3.3299,GA with MLR,14,0.4944,0.4505,0.394,1.3541,1.0836,0.5634
"[104, 154, 165, 213, 216, 255, 329, 330, 419, 472, 542, 816, 826]",3.1759,GA with MLR,13,0.4138,0.4714,0.2806,1.4753,1.149,0.5493
"[4, 36, 41, 133, 171, 201, 267, 316, 416, 455, 517, 527, 543]",3.1742,GA with MLR,13,0.4961,0.3306,0.4759,1.2593,0.9874,0.6056
"[6, 145, 147, 154, 176, 199, 202, 217, 316, 326, 364, 396, 417, 450]",3.4644,GA with MLR,14,0.3576,0.3852,0.1501,1.6036,1.2053,0.5493
"[56, 62, 86, 127, 144, 162, 163, 164, 216, 357, 404, 445, 481, 558]",3.4523,GA with MLR,14,0.3867,0.363,0.3487,1.4038,1.1472,0.5211
"[46, 66, 71, 92, 121, 162, 169, 173, 205, 230, 240, 282, 288, 322, 397, 434, 459, 512, 676, 864]",4.7327,GA with MLR,20,0.4871,0.1533,0.1772,1.5778,1.1899,0.5352
"[54, 109, 140, 214, 285, 318, 330, 412, 439, 693]",2.5175,GA with MLR,10,0.4218,0.5363,0.4052,1.3416,1.0843,0.5493
"[86, 118, 130, 150, 208, 376, 457, 478, 504, 505, 510, 574, 908]",3.2201,GA with MLR,13,0.4424,0.3194,0.2983,1.4571,1.1476,0.493
"[63, 102, 129, 144, 197, 255, 286, 382, 387, 403, 570, 677, 938]",3.2668,GA with MLR,13,0.3441,0.3812,0.3833,1.366,1.0697,0.5493
"[44, 55, 118, 143, 151, 194, 247, 338, 346, 560]",2.5566,GA with MLR,10,0.422,0.4453,0.4424,1.2989,1.0071,0.5775
"[1, 17, 150, 165, 193, 194, 320, 377, 528, 649, 866, 937]",2.9405,GA with MLR,12,0.4499,0.4692,0.3382,1.4151,1.1033,0.5352
"[5, 79, 129, 135, 151, 261, 272, 279, 308, 351, 566, 650, 870]",3.1333,GA with MLR,13,0.4797,0.4507,0.4011,1.3462,1.0671,0.5634
"[35, 50, 57, 155, 201, 221, 263, 402, 414, 431, 520, 649, 651, 681, 938, 939]",3.8754,GA with MLR,16,0.339,0.4358,0.2871,1.4687,1.1492,0.493
"[84, 102, 130, 138, 159, 184, 210, 230, 235, 241, 344, 364, 394, 408, 413, 423, 426, 427, 434, 447, 448, 496, 510, 542, 562, 678, 692, 872]",6.2012,GA with MLR,28,0.5745,0.4657,0.5678,1.1435,0.9214,0.5634
"[59, 165, 170, 232, 261, 402, 422, 453, 493, 522, 570, 697, 826, 906]",3.2875,GA with MLR,14,0.5279,0.482,0.3001,1.4553,1.0948,0.507
"[69, 83, 243, 278, 313, 383, 417, 423, 428, 476, 531]",2.8141,GA with MLR,11,0.3644,0.4307,0.3437,1.4092,1.1066,0.5493
"[60, 148, 199, 217, 267, 280, 299, 304, 340, 346, 472, 649]",3.1067,GA with MLR,12,0.3529,0.2443,0.1994,1.5564,1.2089,0.4789
"[15, 17, 20, 35, 50, 71, 75, 130, 140, 143, 314, 435, 473, 480, 504, 929]",3.7486,GA with MLR,16,0.4696,0.491,0.4208,1.3238,1.0807,0.493
"[53, 54, 59, 98, 102, 177, 237, 269, 294, 439, 552]",2.7319,GA with MLR,11,0.4334,0.5,0.4682,1.2685,1.0513,0.507
"[214, 341, 345, 419, 420, 451, 458, 549, 551, 573]",2.6645,GA with MLR,10,0.3446,0.3206,0.1877,1.5678,1.2479,0.4648
"[41, 209, 217, 240, 331, 345, 382, 489, 519]",2.4353,GA with MLR,9,0.3603,0.3451,0.3304,1.4233,1.2005,0.4366
"[38, 113, 157, 199, 222, 239, 400, 416, 423, 499, 700]",2.7695,GA with MLR,11,0.4261,0.4264,0.3158,1.4388,1.2205,0.507
"[81, 93, 269, 353, 399, 420, 544, 562]",2.1721,GA with MLR,8,0.3932,0.4231,0.3576,1.3941,1.1051,0.5352
"[53, 54, 152, 208, 272, 474, 509, 546, 569, 693, 852]",2.7192,GA with MLR,11,0.44,0.517,0.4848,1.2486,0.9416,0.6056
"[47, 89, 177, 207, 245, 305, 321, 370, 374, 459, 506, 514]",3.032,GA with MLR,12,0.4038,0.338,0.358,1.3938,1.1136,0.507
"[58, 73, 82, 118, 126, 174, 192, 206, 252, 255, 306, 394, 431, 475, 520, 532, 703, 871]",4.218,GA with MLR,18,0.4314,0.4487,0.3806,1.369,1.1123,0.5352
"[67, 120, 146, 148, 189, 204, 244, 287, 310, 328, 346, 412, 416, 567, 574, 866]",3.8955,GA with MLR,16,0.3476,0.3743,0.3234,1.4308,1.1509,0.4789
"[3, 15, 51, 152, 246, 256, 364, 440, 463, 467, 481, 511, 572, 864]",3.3954,GA with MLR,14,0.4748,0.3404,0.4259,1.318,1.051,0.5493
"[66, 83, 90, 126, 132, 164, 208, 237, 239, 271, 272, 275, 286, 415, 513, 538, 939]",3.9921,GA with MLR,17,0.4536,0.4458,0.4858,1.2473,1.015,0.5634
"[43, 45, 63, 94, 110, 167, 197, 217, 230, 383, 386, 441, 466, 676, 699]",3.6786,GA with MLR,15,0.438,0.2346,0.3857,1.3633,1.0672,0.5493
"[34, 43, 44, 89, 90, 144, 151, 169, 247, 367, 369, 373, 396, 398, 453, 472, 481, 515, 570, 816, 867, 906, 929]",5.2719,GA with MLR,23,0.4868,0.3579,0.4143,1.3312,1.039,0.5352
"[44, 89, 99, 144, 151, 169, 247, 367, 369, 373, 397, 409, 453, 467, 472, 481, 515, 570, 816, 871, 906, 940]",5.068,GA with MLR,22,0.4535,0.3965,0.4304,1.3128,1.0798,0.493
"[44, 56, 89, 144, 151, 169, 247, 343, 367, 369, 373, 453, 472, 481, 515, 557, 570, 816, 906, 938]",4.6922,GA with MLR,20,0.5,0.2203,0.2417,1.5147,1.0682,0.5915
"[15, 36, 110, 284, 291, 394, 395, 520, 816, 869]",2.5389,GA with MLR,10,0.4748,0.3914,0.4198,1.3249,1.0515,0.5634
"[32, 46, 92, 103, 160, 164, 238, 271, 313, 326, 341, 383, 390, 393, 409, 428, 434, 477, 495, 500, 515, 556]",5.1184,GA with MLR,22,0.438,0.3173,0.4922,1.2395,1.0258,0.5775
"[31, 56, 71, 171, 239, 287, 305, 309, 317, 338, 394, 452, 471, 503, 510, 908]",3.8789,GA with MLR,16,0.4228,0.2837,0.281,1.475,1.1374,0.4507
"[104, 187, 192, 196, 239, 284, 309, 415, 416, 425, 440, 535, 563]",3.2381,GA with MLR,13,0.391,0.3675,0.3465,1.4062,1.1208,0.507
"[17, 95, 100, 118, 139, 176, 231, 260, 351, 365, 377, 397, 537, 540]",3.3708,GA with MLR,14,0.4428,0.4513,0.3876,1.3613,1.0765,0.5493
"[76, 84, 158, 367, 383, 457, 472, 475, 631, 678]",2.6651,GA with MLR,10,0.3511,0.3076,0.2478,1.5086,1.2134,0.507
"[61, 84, 87, 122, 184, 291, 309, 325, 427, 503]",2.5412,GA with MLR,10,0.4467,0.4368,0.4321,1.3108,1.0509,0.6197
"[31, 56, 80, 134, 162, 166, 173, 253, 361, 444, 513, 524, 551]",3.2494,GA with MLR,13,0.3848,0.3515,0.2717,1.4845,1.245,0.4085
"[3, 59, 73, 90, 150, 287, 290, 309, 333, 340, 407, 416, 422, 574, 615, 691, 866]",3.9978,GA with MLR,17,0.4266,0.4796,0.347,1.4056,1.0985,0.507
"[55, 75, 93, 100, 139, 160, 209, 210, 218, 248, 249, 271, 410, 472, 480, 559, 906]",3.9956,GA with MLR,17,0.4539,0.4377,0.3558,1.3961,1.0792,0.5493
"[58, 102, 163, 252, 296, 327, 410, 412, 417, 435, 468, 503, 560, 562, 568]",3.5666,GA with MLR,15,0.519,0.3477,0.4729,1.2628,1.0362,0.5915
"[38, 59, 121, 129, 141, 143, 203, 244, 301, 304, 308, 342, 358, 360, 379, 429, 530, 543, 615]",4.4711,GA with MLR,19,0.4228,0.3709,0.3671,1.3838,1.0862,0.507
"[65, 75, 105, 275, 298, 319, 343, 380, 419, 513, 530, 816]",2.9822,GA with MLR,12,0.4238,0.4201,0.3324,1.4213,1.0951,0.5634
"[55, 81, 195, 281, 395, 397, 417, 429, 463, 497, 569]",2.7325,GA with MLR,11,0.4546,0.4608,0.4604,1.2778,0.9624,0.5915
"[6, 20, 32, 112, 217, 230, 255, 280, 311, 326, 388, 459, 486, 491, 542, 700]",3.8218,GA with MLR,16,0.4239,0.4111,0.3206,1.4338,1.1375,0.5493
"[86, 99, 192, 205, 246, 277, 307, 315, 326, 336, 424, 445, 457, 492, 524, 561]",3.8105,GA with MLR,16,0.4195,0.4438,0.3496,1.4028,1.1212,0.507
"[158, 177, 199, 234, 302, 328, 436, 446, 476, 532, 540, 573, 703, 819, 869]",3.6371,GA with MLR,15,0.4186,0.3645,0.2884,1.4673,1.1772,0.5211
"[38, 191, 438, 467, 531, 868]",1.5677,GA with MLR,6,0.2509,0.3989,0.1847,1.5707,1.2578,0.493
"[46, 49, 85, 90, 168, 217, 348, 396, 477, 519, 567]",2.8795,GA with MLR,11,0.2891,0.404,0.3639,1.3874,1.082,0.5775
"[68, 91, 125, 141, 195, 316, 334, 338, 369, 371, 395, 433, 482, 505, 553, 678, 699, 871]",4.2505,GA with MLR,18,0.48,0.2964,0.3433,1.4096,1.0547,0.5775
"[41, 65, 216, 223, 246, 343, 346, 453, 469, 484, 500, 546, 563, 573, 907, 937]",3.8493,GA with MLR,16,0.4476,0.3087,0.3037,1.4515,1.1267,0.507
"[40, 81, 197, 219, 243, 311, 377, 388, 427, 453, 489, 538, 547, 697, 872]",3.5851,GA with MLR,15,0.4311,0.4594,0.5136,1.2131,0.9668,0.6056
"[32, 38, 133, 148, 195, 217, 230, 242, 249, 310, 324, 347, 360, 380, 403, 424, 524]",4.0592,GA with MLR,17,0.409,0.375,0.2798,1.4762,1.2195,0.4789
"[117, 147, 153, 187, 195, 343, 358, 518, 533, 690, 693]",2.7859,GA with MLR,11,0.4716,0.3063,0.4111,1.3349,1.0614,0.6056
"[15, 20, 97, 152, 157, 183, 192, 205, 249, 277, 336, 415, 418, 427, 494, 518]",3.6149,GA with MLR,16,0.546,0.6275,0.5593,1.1547,0.9243,0.6338
"[2, 3, 41, 65, 77, 92, 121, 126, 145, 192, 198, 249, 278, 343, 453, 485, 492, 495, 533, 545, 546, 871]",4.9902,GA with MLR,22,0.5707,0.3593,0.519,1.2064,0.9556,0.6197
"[80, 97, 122, 144, 187, 191, 193, 213, 275, 287, 317, 396, 485, 486, 504, 534, 540, 694]",4.1248,GA with MLR,18,0.5302,0.474,0.5233,1.201,0.9385,0.6197
"[20, 87, 141, 207, 338, 347, 409, 415, 423, 435, 437, 448, 506, 564]",3.4375,GA with MLR,14,0.4204,0.3388,0.3866,1.3623,1.0767,0.5493
"[44, 82, 104, 116, 119, 139, 197, 198, 223, 224, 243, 318, 337, 370, 518, 651, 676]",3.9828,GA with MLR,17,0.4789,0.4224,0.2576,1.4988,1.2407,0.4507
"[6, 75, 77, 98, 112, 226, 287, 412, 485, 880]",2.4365,GA with MLR,10,0.5161,0.5458,0.3618,1.3896,1.0359,0.5915
"[56, 59, 84, 167, 181, 360, 377, 394, 403, 477, 494, 568]",3.0421,GA with MLR,12,0.4092,0.3041,0.4813,1.2528,1.0116,0.5634
"[44, 46, 47, 88, 110, 124, 219, 248, 277, 284, 319, 471, 517, 694, 699]",3.5846,GA with MLR,15,0.5202,0.3062,0.376,1.3741,1.0982,0.5493
"[60, 113, 118, 159, 165, 174, 178, 301, 362, 479, 550, 563, 572, 702, 865]",3.5773,GA with MLR,15,0.4759,0.3992,0.3271,1.4269,1.0901,0.5352
"[40, 46, 58, 60, 110, 193, 249, 312, 374, 388, 391, 419, 488, 519]",3.3619,GA with MLR,14,0.4708,0.4223,0.373,1.3774,1.1341,0.493
"[3, 70, 256, 286, 317, 322, 358, 420, 446, 649, 938]",2.8374,GA with MLR,11,0.3866,0.3345,0.2174,1.5388,1.208,0.507
"[42, 309, 342, 373, 386, 388, 441, 453, 522, 929]",2.7823,GA with MLR,10,0.2722,0.1397,0.1658,1.5887,1.2998,0.4507
"[102, 104, 112, 132, 142, 179, 270, 328, 330, 340, 341, 391, 476, 507]",3.3221,GA with MLR,14,0.4491,0.5466,0.4192,1.3257,1.0705,0.5493
"[69, 94, 129, 136, 137, 160, 166, 243, 405, 540, 549]",2.7941,GA with MLR,11,0.3796,0.4515,0.3502,1.4022,1.1859,0.4366
"[1, 47, 51, 117, 253, 422, 516, 523, 698, 869]",2.5487,GA with MLR,10,0.3775,0.544,0.4322,1.3107,1.014,0.6197
"[54, 110, 207, 218, 231, 302, 309, 324, 354, 527, 941]",2.7464,GA with MLR,11,0.4557,0.4269,0.3047,1.4504,1.09,0.6197
"[105, 143, 182, 229, 252, 333, 359, 382, 450, 454, 502, 511, 867]",3.215,GA with MLR,13,0.3529,0.4888,0.397,1.3507,1.0903,0.6056
"[65, 78, 233, 246, 282, 288, 310, 343, 344, 352, 553, 649, 692, 937]",3.4734,GA with MLR,14,0.372,0.3386,0.3565,1.3954,1.0841,0.507
"[2, 42, 44, 133, 166, 227, 276, 279, 293, 304, 317, 379, 495, 501, 524, 527, 615, 648]",4.2169,GA with MLR,18,0.4879,0.3555,0.409,1.3373,1.1163,0.4507
"[43, 57, 166, 220, 245, 295, 393, 397, 427, 464, 475, 492, 514, 526]",3.3804,GA with MLR,14,0.4097,0.4878,0.4853,1.2479,0.9987,0.5915
"[31, 32, 36, 52, 84, 89, 118, 129, 193, 195, 343, 370, 438, 454, 469, 481, 869]",4.0114,GA with MLR,17,0.4472,0.4152,0.3778,1.372,1.1167,0.5211
"[171, 203, 219, 310, 326, 372, 394, 513, 514, 550, 562, 870]",3.1865,GA with MLR,12,0.3349,0.0692,0.2468,1.5096,1.2276,0.493
"[55, 81, 96, 115, 162, 195, 281, 286, 321, 395, 397, 417, 429, 463, 497, 507, 569, 694, 867]",4.3818,GA with MLR,19,0.5295,0.38,0.5367,1.184,0.9144,0.6338
"[76, 84, 158, 177, 222, 236, 367, 383, 457, 472, 475, 514, 631, 678]",3.4105,GA with MLR,14,0.4235,0.3957,0.3768,1.3732,1.109,0.6056
"[55, 81, 98, 132, 158, 195, 367, 383, 450, 457, 472, 475, 487, 631, 678]",3.5908,GA with MLR,15,0.4104,0.4828,0.4015,1.3457,1.0658,0.493
"[55, 77, 81, 100, 158, 203, 367, 383, 394, 457, 472, 475, 565, 631, 678]",3.6347,GA with MLR,15,0.4229,0.3626,0.3633,1.388,1.0786,0.5493
"[20, 33, 173, 200, 242, 249, 282, 381, 403, 416, 424, 430, 497, 540, 677, 690, 821]",3.9976,GA with MLR,17,0.4065,0.5142,0.412,1.3339,1.0914,0.5634
"[38, 44, 49, 101, 155, 212, 223, 466, 476, 556, 565, 819]",3.0525,GA with MLR,12,0.3398,0.402,0.3922,1.3561,1.1017,0.4648
"[43, 65, 159, 161, 235, 269, 439, 474, 504, 569, 681, 908]",3.1657,GA with MLR,12,0.2986,0.1885,0.2536,1.5028,1.1597,0.5493
"[72, 77, 86, 107, 338, 371, 395, 448, 465, 470, 518, 539, 571, 651, 691, 826]",3.7573,GA with MLR,16,0.4889,0.4393,0.4179,1.3272,1.0599,0.5493
"[67, 176, 202, 203, 299, 317, 347, 403, 464, 473, 478, 481, 509, 553, 562, 569, 866, 869]",4.3541,GA with MLR,18,0.4417,0.1269,0.2234,1.5329,1.1956,0.4789
"[85, 108, 110, 175, 242, 254, 279, 281, 375, 378, 433, 436, 517, 534]",3.4171,GA with MLR,14,0.451,0.3323,0.342,1.411,1.124,0.5634
"[52, 63, 74, 126, 149, 189, 227, 272, 283, 337, 421, 424, 454, 460, 631, 872]",3.7534,GA with MLR,16,0.4934,0.4401,0.4054,1.3412,1.0261,0.5915
"[86, 110, 113, 117, 146, 160, 277, 292, 409, 420, 442, 477, 493, 528, 531, 568, 631, 870]",4.2358,GA with MLR,18,0.4697,0.3458,0.2867,1.4691,1.1904,0.4789
"[213, 344, 393, 440, 460, 477, 505, 615, 697]",2.4789,GA with MLR,9,0.338,0.2734,0.1803,1.5748,1.1906,0.507
"[31, 96, 103, 126, 166, 173, 203, 235, 434, 480, 482, 490, 534, 678, 681]",3.5576,GA with MLR,15,0.4563,0.4759,0.332,1.4216,1.1181,0.5352
"[68, 126, 130, 137, 191, 197, 199, 221, 329, 349, 367, 385, 387, 442, 570, 573, 681, 872]",4.3726,GA with MLR,18,0.3804,0.1873,0.2276,1.5287,1.2163,0.4789
"[32, 35, 55, 64, 69, 94, 117, 140, 161, 174, 177, 191, 194, 211, 234, 301, 386, 388, 420]",4.419,GA with MLR,19,0.4248,0.4786,0.4675,1.2693,1.0552,0.5352
"[2, 132, 152, 200, 369, 529, 543, 550]",2.1464,GA with MLR,8,0.4067,0.4609,0.4725,1.2634,1.0322,0.493
"[5, 66, 82, 121, 134, 150, 294, 356, 397, 452, 536, 651]",2.9631,GA with MLR,12,0.4173,0.4757,0.3865,1.3624,1.0819,0.5493
"[152, 164, 168, 170, 206, 221, 305, 309, 321, 379, 384, 401, 426, 469, 555, 615, 676]",3.9897,GA with MLR,17,0.5121,0.351,0.2507,1.5057,1.2153,0.5352
"[50, 88, 98, 118, 187, 216, 337, 369, 503, 542, 562]",2.7912,GA with MLR,11,0.4024,0.4175,0.4106,1.3355,1.0539,0.5634
"[76, 128, 203, 244, 290, 305, 342, 389, 405, 419, 447, 455, 474, 567, 651, 906]",3.911,GA with MLR,16,0.3736,0.2931,0.2284,1.5279,1.2103,0.4507
"[51, 54, 61, 109, 225, 241, 251, 252, 267, 276, 385, 388, 440, 467, 569, 678]",3.7427,GA with MLR,16,0.47,0.5026,0.5283,1.1946,0.9416,0.6338
"[52, 67, 95, 284, 343, 393, 400, 436, 512, 521, 525, 530, 692, 930]",3.3674,GA with MLR,14,0.4703,0.4109,0.2972,1.4582,1.1341,0.5211
"[72, 98, 162, 231, 321, 322, 336, 349, 445, 459, 466, 505, 513, 531, 541]",3.5366,GA with MLR,15,0.4776,0.484,0.4107,1.3353,1.1128,0.507
"[73, 80, 126, 219, 223, 242, 277, 280, 286, 292, 306, 327, 395, 399, 412, 435, 453, 460, 495, 498, 517, 520, 559]",5.205,GA with MLR,23,0.5761,0.3442,0.3571,1.3947,1.132,0.507
"[111, 122, 129, 346, 365, 367, 375, 445, 497, 651, 696, 930]",3.0724,GA with MLR,12,0.4055,0.2367,0.3593,1.3923,1.1009,0.5493
"[44, 116, 121, 185, 417, 437, 680, 681, 695]",2.3882,GA with MLR,9,0.4062,0.3792,0.214,1.5421,1.2114,0.507
"[15, 44, 59, 72, 123, 177, 200, 227, 241, 243, 250, 255, 317, 318, 328, 414, 450, 457, 695]",4.3824,GA with MLR,19,0.4788,0.4637,0.4508,1.2891,1.055,0.5352
"[39, 43, 46, 49, 101, 123, 127, 172, 261, 368, 379, 389, 442, 485, 519, 522, 551, 564, 693, 697, 852, 930]",4.9553,GA with MLR,22,0.5816,0.408,0.4967,1.234,0.9727,0.5634
"[30, 56, 73, 151, 232, 240, 291, 299, 313, 388, 415, 490, 545, 553, 852]",3.5562,GA with MLR,15,0.5074,0.3904,0.5069,1.2215,0.9971,0.5493
"[35, 36, 71, 79, 142, 182, 190, 201, 220, 232, 290, 390, 404, 424, 506, 526, 555, 562, 821, 937]",4.5995,GA with MLR,20,0.4699,0.4644,0.3921,1.3562,1.0963,0.5352
"[62, 99, 109, 138, 144, 305, 358, 405, 406, 430, 520, 546, 570, 680]",3.4296,GA with MLR,14,0.3907,0.409,0.34,1.4131,1.1216,0.4648
"[1, 33, 51, 58, 219, 284, 331, 433, 459, 491, 496, 697, 864, 870]",3.4004,GA with MLR,14,0.4233,0.419,0.4928,1.2387,0.9889,0.5493
"[170, 173, 189, 221, 222, 255, 261, 291, 298, 306, 340, 387, 485, 515, 517, 528, 699]",3.9047,GA with MLR,17,0.5756,0.4184,0.3981,1.3495,1.0047,0.662
"[76, 146, 163, 184, 198, 235, 293, 344, 348, 451, 472, 523, 557, 693]",3.4551,GA with MLR,14,0.3879,0.3543,0.3113,1.4435,1.1705,0.5352
"[1, 113, 180, 226, 256, 351, 357, 388, 391, 427, 442, 452, 510, 650, 700]",3.6499,GA with MLR,15,0.4172,0.3376,0.3421,1.4109,1.0986,0.5634
"[63, 226, 290, 298, 374, 450, 454, 459, 478, 649, 864]",2.8053,GA with MLR,11,0.4229,0.3472,0.3284,1.4255,1.1733,0.5352
"[71, 76, 80, 87, 261, 369, 434, 462, 495, 527, 550, 561, 651, 696, 826]",3.5871,GA with MLR,15,0.4675,0.392,0.4123,1.3335,1.1121,0.507
"[50, 69, 94, 234, 347, 376, 680]",2.0235,GA with MLR,7,0.3472,0.3585,0.298,1.4574,1.188,0.4648
"[68, 147, 193, 302, 410, 444, 456, 468, 544, 573]",2.7014,GA with MLR,10,0.3887,0.1461,0.2685,1.4877,1.2275,0.4648
"[68, 72, 176, 204, 288, 385, 430, 512, 531]",2.4492,GA with MLR,9,0.3216,0.38,0.3336,1.4199,1.1278,0.4789
"[36, 77, 155, 167, 203, 287, 398, 405, 413, 549, 693]",2.8812,GA with MLR,11,0.3494,0.292,0.3003,1.455,1.1249,0.5493
"[120, 167, 176, 179, 200, 207, 244, 267, 280, 287, 300, 334, 337, 438, 484, 553]",3.8734,GA with MLR,16,0.4389,0.2687,0.3347,1.4188,1.1673,0.493
"[46, 99, 106, 114, 156, 184, 296, 306, 324, 327, 401, 405, 441, 526, 549]",3.6109,GA with MLR,15,0.4178,0.4251,0.3248,1.4293,1.137,0.4648
"[36, 84, 128, 142, 395, 414, 510, 696, 866, 939]",2.507,GA with MLR,10,0.4516,0.5064,0.4773,1.2575,0.9805,0.6338
"[52, 74, 88, 210, 241, 324, 340, 375, 405, 428, 431, 489, 494, 518, 693, 865]",3.8418,GA with MLR,16,0.4507,0.3204,0.366,1.385,1.093,0.5493
"[128, 219, 243, 312, 358, 395, 400, 439, 476, 528, 542, 574]",2.9632,GA with MLR,12,0.4704,0.3811,0.3974,1.3503,1.1007,0.5352
"[63, 76, 135, 140, 142, 284, 541, 568]",2.3164,GA with MLR,8,0.2891,0.24,0.1959,1.5598,1.2648,0.4366
"[65, 169, 215, 242, 284, 288, 307]",2.1235,GA with MLR,7,0.2451,0.2782,0.243,1.5134,1.1709,0.5211
"[32, 121, 159, 168, 380, 394, 396, 493, 526, 537, 542, 546, 937]",3.2774,GA with MLR,13,0.3797,0.293,0.3605,1.391,1.1566,0.4648
"[5, 66, 82, 121, 134, 150, 235, 294, 356, 397, 415, 452, 536, 651]",3.3615,GA with MLR,14,0.4344,0.4866,0.4392,1.3027,1.0324,0.5915
"[58, 85, 108, 110, 175, 227, 242, 254, 279, 281, 375, 378, 433, 436, 472, 517, 534, 559, 568]",4.2772,GA with MLR,19,0.5725,0.513,0.5831,1.1231,0.8863,0.6197
"[5, 49, 66, 82, 121, 175, 225, 242, 254, 279, 281, 353, 370, 375, 378, 433, 436, 475, 484, 493, 517, 534, 536]",5.2585,GA with MLR,23,0.5073,0.3514,0.4681,1.2686,1.0211,0.6479
"[5, 56, 66, 82, 106, 121, 175, 233, 242, 254, 272, 279, 281, 375, 378, 402, 433, 436, 463, 465, 496, 517, 534]",5.3104,GA with MLR,23,0.5265,0.2154,0.2336,1.5228,1.1755,0.5211
"[60, 89, 98, 105, 162, 213, 219, 379, 436, 450, 541, 556, 691, 816]",3.3799,GA with MLR,14,0.4118,0.4852,0.4648,1.2726,1.0574,0.493
"[43, 84, 115, 145, 236, 278, 282, 315, 356, 366, 403, 512, 528, 694]",3.436,GA with MLR,14,0.4111,0.3585,0.3569,1.3949,1.0808,0.5775
"[89, 164, 230, 237, 301, 332, 408, 472, 490, 509, 540, 556, 566, 651, 697, 938]",3.8688,GA with MLR,16,0.4251,0.3029,0.2471,1.5094,1.1593,0.5352
"[39, 46, 177, 222, 253, 260, 325, 417, 419, 432, 436, 690]",2.971,GA with MLR,12,0.4497,0.4001,0.382,1.3674,1.0628,0.5775
"[161, 343, 363, 385, 395, 487, 493, 497, 527, 531, 699]",2.8043,GA with MLR,11,0.4356,0.3268,0.3391,1.4141,1.0591,0.5775
"[5, 38, 42, 60, 61, 88, 97, 114, 120, 123, 127, 178, 219, 285, 345, 374, 471, 477, 481, 570]",4.6224,GA with MLR,20,0.466,0.4243,0.4488,1.2914,1.0303,0.5775
"[40, 58, 89, 101, 119, 133, 195, 242, 247, 256, 297, 305, 346, 350, 361, 373, 412, 451, 700, 871, 939]",4.7332,GA with MLR,21,0.5313,0.5124,0.5109,1.2164,1.0227,0.5352
"[60, 63, 78, 102, 134, 141, 177, 181, 192, 267, 278, 326, 359]",3.2502,GA with MLR,13,0.3614,0.3907,0.4027,1.3443,1.0333,0.5915
"[16, 140, 168, 180, 235, 269, 282, 301, 340, 348, 386, 451, 468, 479, 493, 509, 519, 560]",4.2569,GA with MLR,18,0.4068,0.4061,0.4372,1.305,1.0737,0.507
"[85, 107, 162, 269, 280, 378, 462, 471, 533, 569, 692]",2.8345,GA with MLR,11,0.3732,0.3656,0.36,1.3916,1.1283,0.5211
"[89, 198, 206, 241, 272, 293, 333, 425, 457, 489, 503, 649, 939]",3.1889,GA with MLR,13,0.4744,0.3351,0.4341,1.3086,1.0585,0.5493
"[63, 104, 175, 197, 280, 321, 340, 409, 464, 865]",2.7022,GA with MLR,10,0.3266,0.256,0.3418,1.4113,1.164,0.5211
"[33, 66, 97, 136, 167, 192, 245, 305, 348, 374, 401, 448, 470, 532, 543, 558, 568]",4.0767,GA with MLR,17,0.3965,0.357,0.3675,1.3834,1.0494,0.5493
"[79, 80, 165, 189, 237, 341, 346, 409, 446, 448, 478, 490, 494, 513, 514, 691, 699]",4.0644,GA with MLR,17,0.3974,0.3832,0.3437,1.4091,1.1242,0.507
"[31, 159, 239, 256, 260, 375, 473]",2.0629,GA with MLR,7,0.313,0.318,0.2918,1.4638,1.1582,0.4648
"[31, 71, 107, 198, 226, 250, 278, 293, 347, 374, 378, 443, 446, 494, 517, 540, 552]",3.9714,GA with MLR,17,0.5065,0.3993,0.3927,1.3556,1.0638,0.5634
"[99, 102, 293, 392, 400, 433, 447, 485, 865]",2.2708,GA with MLR,9,0.5048,0.4752,0.3335,1.4201,1.1307,0.507
"[53, 114, 123, 146, 336, 398, 411, 489, 494, 519, 679, 852]",3.0242,GA with MLR,12,0.4094,0.3467,0.255,1.5014,1.174,0.493
"[90, 135, 149, 216, 307, 310, 334, 388, 417, 430, 434, 476, 481, 490, 491, 695]",3.8265,GA with MLR,16,0.4213,0.4052,0.3027,1.4526,1.1296,0.5211
"[47, 97, 121, 138, 152, 157, 185, 365, 373, 403, 410, 463, 497, 559, 631, 680]",3.7819,GA with MLR,16,0.49,0.3849,0.4208,1.3238,0.9894,0.5634
"[119, 152, 154, 300, 309, 371, 436]",2.0334,GA with MLR,7,0.3326,0.3595,0.332,1.4217,1.1034,0.5493
"[1, 48, 124, 157, 159, 186, 205, 206, 214, 365, 400, 409, 444]",3.1129,GA with MLR,13,0.4657,0.5198,0.2362,1.5202,1.1896,0.493
"[20, 85, 159, 163, 178, 251, 299, 330, 350, 421, 470, 500, 571, 693, 908, 928]",3.8434,GA with MLR,16,0.4152,0.3778,0.3208,1.4336,1.1344,0.5352
"[3, 167, 184, 286, 333, 383, 491, 505, 521, 528]",2.6036,GA with MLR,10,0.3714,0.424,0.4387,1.3031,1.0435,0.5493
"[31, 97, 115, 207, 220, 299, 300, 320, 360, 394, 465, 505]",3.03,GA with MLR,12,0.4312,0.2943,0.3045,1.4506,1.1706,0.4789
"[4, 56, 146, 214, 227, 306, 329, 344, 352, 392, 407, 431, 452, 476, 477, 497, 514, 520, 678, 690, 700, 870, 939, 940]",5.381,GA with MLR,24,0.5391,0.4707,0.4515,1.2882,1.043,0.507
"[113, 263, 341, 569, 826, 940]",1.5634,GA with MLR,6,0.2743,0.3671,0.2104,1.5457,1.2097,0.507
"[202, 353, 366, 419, 455, 471, 521, 551, 559, 650, 880]",2.8494,GA with MLR,11,0.349,0.3721,0.2535,1.5029,1.1411,0.5493
"[104, 127, 143, 180, 213, 247, 248, 271, 394, 447, 514, 545, 864]",3.1822,GA with MLR,13,0.405,0.4728,0.4753,1.26,1.0006,0.6197
"[33, 49, 91, 166, 186, 253, 255, 284, 345, 379, 384, 394, 471]",3.2039,GA with MLR,13,0.4568,0.3317,0.3175,1.4371,1.1134,0.5352
"[86, 129, 152, 171, 287, 292, 332, 352, 440, 466, 483, 492, 519, 566, 569, 930]",3.8188,GA with MLR,16,0.4756,0.3288,0.4457,1.2951,1.0258,0.5493
"[121, 154, 300, 313, 383, 403, 404, 455, 545, 908]",2.6667,GA with MLR,10,0.3147,0.369,0.2959,1.4596,1.1863,0.4789
"[57, 65, 200, 204, 346, 373, 408, 438, 484, 513, 518, 520, 680, 702]",3.4418,GA with MLR,14,0.4387,0.2968,0.263,1.4933,1.1981,0.493
"[4, 122, 185, 221, 239, 287, 315, 350, 361, 426, 439, 467, 565, 572, 930]",3.5892,GA with MLR,15,0.4817,0.3629,0.3186,1.4358,1.1076,0.5634
"[40, 66, 129, 166, 208, 209, 223, 225, 261, 300, 355, 372, 429, 454, 458, 471, 503, 525, 852, 880]",4.5314,GA with MLR,20,0.5508,0.4645,0.3307,1.423,1.0491,0.5634
"[55, 166, 214, 289, 458, 571, 650, 696]",2.1665,GA with MLR,8,0.3816,0.4581,0.2871,1.4687,1.1459,0.507
"[40, 72, 77, 89, 119, 185, 341, 382, 448, 526]",2.5935,GA with MLR,10,0.4007,0.3954,0.3202,1.4342,1.1326,0.5493
"[124, 158, 159, 240, 361, 386, 413, 428, 516, 520, 695, 696]",3.0797,GA with MLR,12,0.3119,0.3847,0.3002,1.4551,1.1741,0.493
"[93, 97, 211, 231, 251, 287, 350, 513, 536, 559, 678, 907]",2.9023,GA with MLR,12,0.4762,0.5071,0.2839,1.472,1.0567,0.5775
"[20, 62, 153, 154, 299, 437, 442, 475, 509, 530, 531, 546, 560]",3.1737,GA with MLR,13,0.3764,0.5425,0.3764,1.3737,1.0743,0.5634
"[49, 83, 356, 413, 432, 445, 510, 530, 557, 681, 696, 703, 865]",3.2387,GA with MLR,13,0.3949,0.3592,0.3545,1.3975,1.0753,0.5775
"[129, 153, 308, 315, 334, 412, 419, 431, 551, 680, 695]",2.9241,GA with MLR,11,0.31,0.2523,0.2618,1.4945,1.1563,0.5352
"[109, 148, 158, 172, 194, 196, 256, 270, 283, 320, 341, 361, 698, 702]",3.3958,GA with MLR,14,0.4329,0.4128,0.3882,1.3606,1.0657,0.5493
"[50, 69, 77, 103, 178, 199, 229, 239, 246, 260, 300, 306, 445, 508, 557, 562, 864]",3.9881,GA with MLR,17,0.4446,0.4695,0.488,1.2447,1.0222,0.6197
"[32, 44, 139, 235, 929]",1.5367,GA with MLR,5,0.2406,0.3451,0.3431,1.4098,1.1649,0.493
"[135, 208, 284, 297, 314, 443, 533, 868]",2.2114,GA with MLR,8,0.3961,0.3198,0.213,1.5431,1.1977,0.493
"[34, 79, 80, 148, 165, 167, 189, 237, 341, 346, 409, 446, 448, 478, 490, 494, 514, 691, 699]",4.4464,GA with MLR,19,0.4748,0.3368,0.3553,1.3966,1.1206,0.5775
"[5, 38, 42, 45, 60, 61, 88, 97, 114, 120, 123, 127, 178, 219, 285, 345, 374, 429, 450, 471, 477, 481, 570]",5.2468,GA with MLR,23,0.4794,0.4199,0.399,1.3485,1.0642,0.5915
"[75, 79, 80, 81, 110, 117, 165, 189, 237, 253, 289, 341, 346, 409, 471, 477, 481, 533, 541, 570, 631]",4.7943,GA with MLR,21,0.4758,0.4858,0.5307,1.1916,0.9704,0.6056
"[79, 80, 165, 189, 237, 341, 346, 409, 471, 477, 481, 570]",3.0701,GA with MLR,12,0.3561,0.33,0.239,1.5174,1.2146,0.5493
"[89, 99, 108, 110, 147, 248, 294, 348, 378, 398, 495]",2.835,GA with MLR,11,0.3487,0.4081,0.3419,1.4111,1.145,0.493
"[104, 119, 158, 189, 333, 338, 353, 397, 429, 437, 451, 678, 681]",3.2345,GA with MLR,13,0.3699,0.4131,0.3572,1.3946,1.1607,0.4225
"[41, 80, 92, 122, 133, 239, 293, 297, 386, 413, 443, 499, 534, 560, 694, 696, 867]",4.0561,GA with MLR,17,0.4828,0.256,0.4194,1.3254,1.1059,0.507
"[6, 81, 99, 229, 287, 324, 361, 444, 564]",2.3932,GA with MLR,9,0.4079,0.3636,0.3202,1.4342,1.1694,0.5352
"[54, 70, 114, 197, 215, 228, 244, 287, 305, 458, 463, 476, 517, 930]",3.3364,GA with MLR,14,0.4858,0.4516,0.4353,1.3072,1.0589,0.5493
"[5, 119, 229, 233, 316, 350, 358, 362, 365, 460, 492, 498]",3.0177,GA with MLR,12,0.4704,0.254,0.4444,1.2966,1.0466,0.5634
"[2, 81, 129, 231, 236, 267, 317, 327, 355, 482, 491, 521, 573, 677, 868]",3.5466,GA with MLR,15,0.5113,0.4042,-0.0209,1.7575,1.1468,0.5915
"[35, 80, 109, 123, 156, 187, 203, 218, 233, 367, 415, 423, 498, 525, 527, 536]",3.8161,GA with MLR,16,0.4903,0.3096,0.4386,1.3033,1.0642,0.5775
"[38, 178, 323, 355, 428, 470, 536]",2.0958,GA with MLR,7,0.2593,0.3284,0.3148,1.4399,1.146,0.5211
"[4, 17, 33, 68, 98, 118, 171, 275, 394, 399, 406, 461, 474, 519, 543]",3.5858,GA with MLR,15,0.4511,0.4233,0.3913,1.3571,1.0762,0.5634
"[49, 62, 96, 133, 172, 181, 217, 228, 329, 360, 447, 495, 534, 558, 696]",3.5818,GA with MLR,15,0.4177,0.49,0.4454,1.2954,1.0598,0.5493
"[40, 49, 93, 116, 141, 150, 151, 231, 281, 327, 329, 354, 384, 390, 395, 407]",3.828,GA with MLR,16,0.4496,0.3531,0.3164,1.4382,1.1071,0.5493
"[51, 101, 135, 146, 248, 284, 329, 406, 481, 495, 567]",2.8274,GA with MLR,11,0.361,0.4046,0.2428,1.5136,1.215,0.5211
"[36, 43, 79, 146, 153, 154, 288, 323, 328, 331, 355, 379, 383, 405, 541, 678, 696]",4.0472,GA with MLR,17,0.4099,0.4002,0.3946,1.3534,1.1542,0.4507
"[2, 43, 57, 108, 149, 172, 189, 321, 347, 351, 384, 513, 524, 702]",3.2933,GA with MLR,14,0.4938,0.5294,0.3665,1.3844,1.0854,0.6056
"[52, 75, 145, 219, 223, 331, 356, 372, 428, 432, 498, 562, 700, 941]",3.3836,GA with MLR,14,0.3932,0.5094,0.4257,1.3182,1.0589,0.5915
"[20, 84, 146, 154, 276, 305, 475, 485, 494, 527, 556, 678]",3.0026,GA with MLR,12,0.3967,0.4204,0.4058,1.3409,1.0612,0.5352
"[0, 174, 192, 220, 292, 299, 364, 380, 473, 474, 484, 496, 506, 522, 569, 572, 940]",4.113,GA with MLR,17,0.4231,0.2284,0.2081,1.5479,1.2334,0.5211
"[40, 88, 111, 157, 164, 175, 205, 215, 222, 300, 325, 408, 413, 441, 515, 528, 681, 937]",4.1493,GA with MLR,18,0.5013,0.4735,0.3271,1.4269,1.1493,0.5352
"[33, 137, 207, 248, 250, 253, 279, 288, 298, 348, 366, 392, 408, 451, 487, 550, 564, 565, 676, 699]",4.5763,GA with MLR,20,0.5365,0.4002,0.3878,1.3611,1.0639,0.5634
"[16, 69, 170, 175, 241, 282, 301, 329, 349, 369, 396, 399, 403, 422, 464, 537, 540, 649, 693, 928]",4.5605,GA with MLR,20,0.5549,0.401,0.5332,1.1884,0.9531,0.6338
"[46, 56, 60, 71, 118, 150, 187, 369, 394, 400, 433, 434, 465, 523, 529, 531, 532, 561, 615, 692, 929]",4.714,GA with MLR,21,0.5453,0.5254,0.4288,1.3146,1.0409,0.5775
"[33, 64, 95, 102, 116, 125, 160, 183, 207, 228, 281, 332, 412, 466, 555, 676]",3.7949,GA with MLR,16,0.4561,0.4151,0.4049,1.3419,1.073,0.5493
"[63, 180, 328, 350, 511, 523, 525, 651, 703]",2.4678,GA with MLR,9,0.2711,0.4239,0.2486,1.5078,1.19,0.507
"[41, 49, 61, 119, 143, 168, 222, 249, 276, 458, 480, 504]",2.8972,GA with MLR,12,0.4902,0.4934,0.5114,1.2159,0.9582,0.5775
"[164, 336, 370, 384, 400, 527, 548, 676, 937]",2.3268,GA with MLR,9,0.4631,0.4227,0.3829,1.3665,1.0806,0.507
"[33, 78, 168, 178, 185, 251, 322, 326, 389, 451, 489, 518]",2.9984,GA with MLR,12,0.4602,0.3176,0.4094,1.3368,1.1291,0.4789
"[1, 56, 116, 174, 191, 206, 252, 269, 413, 416, 450, 471, 491, 504, 534, 558, 559]",4.044,GA with MLR,17,0.4174,0.3945,0.3684,1.3824,1.0922,0.5634
"[38, 54, 55, 86, 110, 151, 203, 277, 282, 310, 331, 359, 375, 414, 456, 469, 491, 533, 553]",4.4013,GA with MLR,19,0.4323,0.5029,0.4914,1.2405,0.9607,0.6056
"[67, 73, 89, 95, 125, 142, 163, 310, 320, 361, 392, 435, 441, 461, 526, 540]",3.8479,GA with MLR,16,0.4375,0.3293,0.3688,1.3819,1.131,0.4507
"[44, 59, 130, 172, 291, 306, 408, 417, 458, 526, 650]",2.7491,GA with MLR,11,0.4647,0.4046,0.512,1.2151,1.0472,0.5634
"[33, 52, 71, 76, 88, 117, 134, 164, 201, 241, 299, 322, 327, 385, 433, 443, 454, 509, 534, 559, 880]",4.8095,GA with MLR,21,0.5246,0.3752,0.2839,1.4719,1.0981,0.6056
"[36, 72, 183, 196, 312, 331, 352, 384, 449, 527, 557, 678]",3.0319,GA with MLR,12,0.4026,0.3405,0.3694,1.3813,1.1028,0.5493
"[15, 46, 70, 132, 224, 225, 348, 366, 368, 392, 521, 547, 865]",3.2328,GA with MLR,13,0.3784,0.4021,0.3849,1.3642,1.0552,0.5211
"[47, 56, 89, 90, 125, 142, 161, 190, 347, 349, 434, 534, 549, 567, 568]",3.6676,GA with MLR,15,0.3881,0.3469,0.308,1.447,1.1475,0.5211
"[5, 61, 82, 89, 111, 177, 211, 261, 340, 386, 449, 458, 503, 512, 525, 676, 937]",3.9972,GA with MLR,17,0.4614,0.4214,0.392,1.3563,1.0193,0.6056
"[5, 48, 83, 108, 132, 190, 219, 253, 270, 307, 347, 381, 382, 390, 423, 440, 448, 525, 540, 572, 907]",4.7463,GA with MLR,21,0.5635,0.4346,0.5428,1.1762,0.9774,0.507
"[130, 158, 189, 213, 280, 355, 373, 432, 507, 539, 562, 826, 940]",3.2754,GA with MLR,13,0.3677,0.3189,0.2956,1.4599,1.1788,0.4789
"[47, 247, 275, 285, 293, 318, 367, 412, 434, 690]",2.6175,GA with MLR,10,0.3687,0.3947,0.3964,1.3514,1.1135,0.507
"[31, 60, 107, 162, 175, 181, 201, 234, 261, 344, 379, 401, 405, 483, 485, 518, 546, 651, 694, 819]",4.6669,GA with MLR,20,0.4775,0.3119,0.3877,1.3611,1.0883,0.5493
"[80, 228, 237, 239, 321, 395, 517]",1.9701,GA with MLR,7,0.4555,0.2945,0.3273,1.4267,1.1127,0.507
"[40, 45, 96, 144, 158, 176, 186, 192, 237, 255, 284, 301, 323, 341, 398, 418, 496, 540, 558, 699, 867]",4.727,GA with MLR,21,0.5576,0.4808,0.5105,1.217,0.999,0.5634
"[39, 59, 97, 189, 236, 331, 332, 387, 399, 492, 543]",2.7832,GA with MLR,11,0.4055,0.431,0.4069,1.3396,1.0274,0.5634
"[78, 84, 208, 346, 351, 368, 375, 385, 386, 470, 490, 509, 543, 631, 649, 906, 930]",4.1334,GA with MLR,17,0.3793,0.2556,0.2626,1.4937,1.1935,0.4648
"[94, 175, 359, 408, 438, 465, 469, 475, 500, 504]",2.6498,GA with MLR,10,0.3596,0.3308,0.3684,1.3823,1.1151,0.5211
"[74, 83, 113, 180, 291, 359, 372, 374, 505, 514, 531, 557, 870]",3.1607,GA with MLR,13,0.4717,0.4039,0.4205,1.3241,1.0697,0.5211
"[36, 43, 79, 146, 153, 154, 217, 288, 312, 323, 328, 331, 355, 379, 383, 405, 447, 541, 678, 696]",4.6627,GA with MLR,20,0.4297,0.4005,0.4039,1.343,1.1452,0.4648
"[5, 119, 163, 229, 233, 316, 326, 350, 358, 362, 365, 411, 416, 422, 431, 437, 441, 460, 466, 492, 498, 524, 530]",5.3003,GA with MLR,23,0.5047,0.2716,0.4235,1.3208,1.0709,0.5352
"[36, 43, 59, 79, 140, 146, 153, 154, 171, 251, 255, 288, 296, 315, 323, 328, 331, 355, 379, 383, 405, 541, 678, 696]",5.373,GA with MLR,24,0.5199,0.5163,0.5066,1.2219,0.9981,0.5352
"[36, 43, 79, 146, 153, 154, 161, 181, 255, 288, 323, 328, 331, 332, 355, 379, 383, 405, 414, 418, 460, 515, 532, 541, 549, 678, 696, 929]",6.3604,GA with MLR,28,0.4643,0.3497,0.3704,1.3803,1.1784,0.4648
"[20, 132, 162, 179, 210, 286, 356, 362, 395, 408, 511, 531, 562]",3.1016,GA with MLR,13,0.4822,0.5149,0.4591,1.2793,1.0431,0.5352
"[51, 62, 368, 479, 540, 564, 573, 939]",2.2107,GA with MLR,8,0.3699,0.3694,0.3267,1.4273,1.1648,0.5352
"[72, 202, 206, 240, 534, 557, 572, 869]",2.2148,GA with MLR,8,0.3787,0.343,0.3106,1.4442,1.1678,0.493
"[0, 1, 52, 59, 132, 156, 159, 234, 238, 323, 537, 560, 868]",3.2091,GA with MLR,13,0.4185,0.3869,0.3094,1.4456,1.0673,0.6197
"[34, 69, 72, 90, 112, 216, 224, 229, 252, 253, 260, 286, 299, 310, 388, 417, 445, 476, 486, 492, 872]",4.7569,GA with MLR,21,0.5612,0.418,0.51,1.2177,0.9612,0.5352
"[0, 33, 66, 107, 114, 269, 428, 479, 558, 569]",2.632,GA with MLR,10,0.3503,0.392,0.3028,1.4524,1.1478,0.5211
"[74, 114, 162, 188, 308, 350, 397, 880]",2.1835,GA with MLR,8,0.3637,0.449,0.3343,1.4192,1.1476,0.493
"[2, 16, 111, 119, 140, 179, 181, 311, 313, 389, 408, 502, 513, 520, 532, 533, 534, 554]",4.2231,GA with MLR,18,0.4724,0.3684,0.392,1.3564,1.0839,0.5634
"[6, 61, 71, 108, 120, 142, 162, 242, 275, 412, 434, 463, 547]",3.1751,GA with MLR,13,0.4514,0.4073,0.3627,1.3886,1.0994,0.507
"[111, 122, 147, 176, 199, 276, 289, 290, 291, 325, 355, 402, 463, 508, 517, 691]",3.7534,GA with MLR,16,0.5304,0.3764,0.4717,1.2643,1.0055,0.5775
"[49, 177, 229, 277, 282, 294, 407, 497, 500, 507, 538, 558]",2.9832,GA with MLR,12,0.4048,0.4517,0.3806,1.369,1.0824,0.5634
"[47, 63, 171, 277, 330, 365, 541, 559, 694, 699]",2.5695,GA with MLR,10,0.4402,0.3821,0.3306,1.4231,1.1227,0.5211
"[147, 217, 231, 246, 249, 267, 287, 411, 490, 526, 551, 648, 676]",3.2358,GA with MLR,13,0.3906,0.3734,0.3905,1.358,1.114,0.493
"[35, 50, 65, 107, 127, 167, 175, 208, 294, 395, 439, 506, 545, 546, 865, 906]",3.8559,GA with MLR,16,0.4402,0.3064,0.3718,1.3787,1.1129,0.507
"[20, 51, 92, 129, 159, 195, 245, 321, 389, 489, 493, 527, 547, 906]",3.3797,GA with MLR,14,0.4705,0.3832,0.4358,1.3066,1.0989,0.493
"[16, 99, 146, 171, 234, 253, 295, 340, 418, 471, 535, 555]",2.8863,GA with MLR,12,0.5251,0.455,0.5246,1.1994,0.9603,0.6479
"[15, 121, 267, 314, 340, 371, 399, 402, 502, 552, 558, 615, 696, 699]",3.3855,GA with MLR,14,0.4252,0.4494,0.4685,1.2681,1.0552,0.5634
"[108, 137, 143, 167, 290, 299, 410, 473, 501, 527, 698, 941]",3.0312,GA with MLR,12,0.4066,0.3351,0.3661,1.3849,1.082,0.5493
"[2, 35, 73, 248, 261, 267, 377, 428, 495]",2.3519,GA with MLR,9,0.4235,0.4353,0.5073,1.2209,0.9618,0.5915
"[103, 122, 157, 189, 366, 512, 551, 690, 698, 826]",2.6689,GA with MLR,10,0.2989,0.3918,0.216,1.5402,1.2111,0.493
"[31, 51, 52, 57, 58, 95, 117, 178, 276, 377, 379, 435, 437, 475, 538, 542, 572]",3.9469,GA with MLR,17,0.5109,0.4428,0.465,1.2723,1.0484,0.4789
"[71, 122, 206, 209, 256, 309, 379, 487, 506, 538]",2.6596,GA with MLR,10,0.3753,0.2777,0.236,1.5204,1.1861,0.5211
"[2, 202, 227, 247, 359, 376, 420, 480, 512, 545, 553, 571, 678]",3.1743,GA with MLR,13,0.4228,0.4593,0.4226,1.3218,1.0543,0.5352
"[0, 178, 216, 243, 316, 331, 367, 387, 401, 407, 482, 517]",2.9301,GA with MLR,12,0.506,0.3927,0.4537,1.2857,0.9906,0.662
"[63, 67, 88, 93, 183, 188, 228, 302, 359, 463, 467, 516]",3.0479,GA with MLR,12,0.425,0.2621,0.3483,1.4042,1.1171,0.5775
"[70, 156, 210, 289, 402, 478, 493, 495, 651, 867]",2.6149,GA with MLR,10,0.3531,0.4291,0.3401,1.4131,1.1484,0.4789
"[92, 108, 110, 124, 190, 248, 278, 292, 416, 445, 479, 489, 493, 497, 513, 515, 677]",4.1335,GA with MLR,17,0.4486,0.137,0.4145,1.331,1.0793,0.5634
"[0, 52, 76, 81, 89, 167, 190, 212, 239, 301, 401, 422, 427, 439, 447, 467, 553, 574, 678]",4.4892,GA with MLR,19,0.4188,0.3381,0.274,1.4821,1.1594,0.5211
"[79, 97, 172, 285, 351, 357, 418, 422, 426, 539, 554, 819]",3.0177,GA with MLR,12,0.393,0.3915,0.3527,1.3995,1.1227,0.5493
"[64, 70, 110, 147, 150, 246, 285, 321, 477, 482, 493, 532, 939]",3.1587,GA with MLR,13,0.4337,0.4753,0.3763,1.3737,1.1632,0.507
"[62, 347, 471, 476, 510, 546, 556, 679]",2.2253,GA with MLR,8,0.3331,0.3997,0.35,1.4024,1.127,0.507
"[54, 213, 307, 317, 348, 466, 554, 556]",2.1487,GA with MLR,8,0.3893,0.4871,0.458,1.2807,1.0032,0.5915
"[72, 195, 229, 245, 317, 327, 374, 695]",2.2475,GA with MLR,8,0.3633,0.2874,0.2898,1.4659,1.1918,0.4789
"[45, 55, 82, 92, 157, 219, 281, 322, 329, 342, 412, 432, 492, 574, 869, 880]",3.7068,GA with MLR,16,0.5297,0.4745,0.5724,1.1374,0.9115,0.5775
"[15, 59, 179, 204, 225, 239, 270, 336, 346, 389, 398, 442, 491, 521, 538, 568, 650, 680]",4.1839,GA with MLR,18,0.4665,0.4613,0.5005,1.2294,0.9822,0.5915
"[38, 47, 106, 214, 340, 387, 398, 399, 408, 424, 428, 478, 501, 562, 908, 940]",3.8262,GA with MLR,16,0.428,0.3944,0.316,1.4386,1.0802,0.6056
"[33, 44, 124, 191, 283, 382, 386, 457, 483, 502, 509]",2.9417,GA with MLR,11,0.2721,0.274,0.1946,1.5611,1.2504,0.4507
"[48, 110, 177, 191, 224, 231, 251, 252, 279, 322, 347, 351, 431, 432, 479, 498, 516, 650]",4.2444,GA with MLR,18,0.4474,0.3648,0.3004,1.4549,1.1267,0.5634
"[47, 159, 214, 354, 419, 464, 506, 865]",2.3763,GA with MLR,8,0.2395,0.1649,0.2678,1.4884,1.1614,0.5352
"[1, 109, 124, 137, 214, 223, 275, 296, 327, 367, 380, 391, 438, 445, 468, 496, 514, 518, 539, 553, 573, 650]",5.0136,GA with MLR,22,0.5148,0.4049,0.1962,1.5595,1.2613,0.4366
"[133, 271, 326, 333, 334, 416, 419, 430, 489, 540, 560, 562, 574, 819, 870]",3.5972,GA with MLR,15,0.4317,0.4317,0.3596,1.392,1.1892,0.4507
"[3, 43, 73, 157, 207, 222, 241, 263, 359, 413, 481, 486, 553]",3.2078,GA with MLR,13,0.4816,0.2791,0.3505,1.4019,1.0948,0.5634
"[135, 165, 299, 317, 358, 468, 510, 869]",2.1998,GA with MLR,8,0.3832,0.3728,0.2079,1.5481,1.1515,0.6056
"[40, 67, 73, 193, 223, 244, 246, 348, 359, 472, 524, 680]",2.9831,GA with MLR,12,0.4228,0.4197,0.3199,1.4345,1.1156,0.5352
"[35, 72, 143, 154, 165, 170, 171, 206, 411, 417, 434, 455, 457, 469, 474, 500]",3.863,GA with MLR,16,0.4244,0.3173,0.2565,1.4999,1.1282,0.5352
"[79, 105, 192, 356, 431, 450, 536, 542, 826, 937]",2.5969,GA with MLR,10,0.4274,0.3393,0.3472,1.4054,1.0899,0.507
"[35, 50, 65, 102, 107, 127, 167, 175, 208, 294, 347, 395, 439, 506, 545, 546, 550, 865, 906]",4.4464,GA with MLR,19,0.4564,0.3678,0.4604,1.2777,1.0492,0.5634
"[0, 33, 66, 107, 114, 175, 186, 204, 269, 287, 316, 428, 479, 494, 558, 569]",3.828,GA with MLR,16,0.4446,0.3618,0.4048,1.342,1.0906,0.5211
"[35, 50, 65, 107, 129, 269, 334, 372, 428, 467, 479, 493, 508, 524, 558, 569]",3.8496,GA with MLR,16,0.4064,0.379,0.3509,1.4014,1.1296,0.507
"[35, 50, 63, 65, 83, 107, 118, 203, 269, 428, 443, 464, 479, 548, 558, 569]",3.8637,GA with MLR,16,0.4592,0.2561,0.2641,1.4922,1.1942,0.5211
"[71, 94, 164, 169, 197, 213, 214, 240, 241, 297, 340, 362, 406, 409, 431, 443, 461, 491, 512, 550, 554]",4.7341,GA with MLR,21,0.4831,0.5903,0.4232,1.3211,1.0828,0.5211
"[83, 84, 92, 99, 116, 170, 173, 192, 219, 345, 347, 393, 522, 549, 699]",3.6512,GA with MLR,15,0.454,0.2708,0.4081,1.3382,1.0515,0.6056
"[35, 93, 246, 285, 286, 310, 352, 354, 385, 399, 405, 503, 559, 938]",3.3737,GA with MLR,14,0.4355,0.4577,0.4906,1.2415,1.001,0.5634
"[99, 171, 221, 223, 226, 227, 307, 372, 455, 495, 867]",2.7527,GA with MLR,11,0.406,0.5013,0.4072,1.3392,1.108,0.4507
"[49, 68, 279, 332, 358, 363, 380, 474]",2.3043,GA with MLR,8,0.3243,0.2083,0.2065,1.5495,1.2582,0.4789
"[61, 127, 177, 181, 220, 334, 359, 366, 427, 440, 519, 524, 525, 530, 551, 552, 559, 560]",4.1538,GA with MLR,18,0.4617,0.5314,0.5006,1.2292,0.9604,0.6338
"[228, 315, 321, 433, 448, 544, 816]",2.0572,GA with MLR,7,0.2838,0.3869,0.2638,1.4925,1.1967,0.4789
"[41, 63, 82, 167, 192, 208, 256, 283, 289, 348, 386, 388, 551, 631, 651, 865, 940]",4.0513,GA with MLR,17,0.4426,0.3353,0.4323,1.3106,1.0085,0.5775
"[36, 154, 164, 200, 202, 222, 301, 426, 447, 449, 488, 676]",3.1221,GA with MLR,12,0.3924,0.135,0.1925,1.5631,1.2744,0.4366
"[184, 293, 317, 359, 370, 438, 451, 467, 565, 567]",2.5936,GA with MLR,10,0.4086,0.3812,0.3424,1.4105,1.1727,0.4366
"[66, 162, 176, 290, 323, 387, 397, 571]",2.3105,GA with MLR,8,0.2752,0.2814,0.2683,1.488,1.1856,0.493
"[352, 368, 428, 441, 513, 524, 554, 566, 864]",2.4456,GA with MLR,9,0.3475,0.342,0.3362,1.4172,1.1374,0.5352
"[20, 99, 118, 134, 139, 165, 189, 230, 231, 255, 316, 321, 331, 364, 375, 418, 419, 469, 474, 679, 702]",4.7881,GA with MLR,21,0.4937,0.4686,0.3099,1.445,1.0759,0.5352
"[199, 260, 277, 322, 519, 538, 544, 563, 568, 691]",2.6104,GA with MLR,10,0.4094,0.3387,0.3289,1.4249,1.1709,0.5211
"[233, 235, 269, 298, 361, 377, 378, 432, 487, 525, 533, 545, 550, 551]",3.4076,GA with MLR,14,0.4231,0.4029,0.4533,1.2861,1.0427,0.5493
"[61, 100, 336, 351, 406, 466, 481, 519, 698, 816]",2.5468,GA with MLR,10,0.3715,0.5592,0.3664,1.3846,1.0868,0.5493
"[46, 62, 135, 148, 160, 182, 207, 212, 298, 348, 371, 422, 650, 907]",3.4138,GA with MLR,14,0.3814,0.4617,0.3918,1.3565,1.0572,0.5211
"[54, 68, 130, 153, 329, 374, 395, 489, 507, 512, 527, 700, 819, 852, 928]",3.6045,GA with MLR,15,0.5049,0.2885,0.3963,1.3515,1.116,0.5211
"[31, 52, 55, 101, 159, 160, 191, 204, 275, 383, 396, 473, 527, 819, 871]",3.5792,GA with MLR,15,0.4201,0.4916,0.3881,1.3606,1.1211,0.5352
"[57, 100, 111, 176, 178, 192, 200, 210, 272, 313, 328, 368, 382, 432, 440, 509, 525, 549, 570, 631, 651, 839]",4.9706,GA with MLR,22,0.5355,0.4543,0.4555,1.2835,1.0732,0.4648
"[77, 177, 216, 286, 291, 350, 447, 495, 649]",2.3407,GA with MLR,9,0.4705,0.3766,0.2831,1.4728,1.2314,0.4366
"[31, 53, 57, 68, 145, 199, 248, 310, 327, 338, 344, 370, 410, 420, 437, 697, 698, 826]",4.2385,GA with MLR,18,0.4426,0.3857,0.3686,1.3822,1.0777,0.5634
"[15, 114, 151, 211, 293, 337, 379, 572]",2.1659,GA with MLR,8,0.4095,0.4084,0.4693,1.2671,1.0307,0.5775
"[128, 133, 171, 322, 323, 337, 348, 392, 447, 539, 561, 568]",3.0646,GA with MLR,12,0.451,0.1753,0.2395,1.517,1.1855,0.5352
"[92, 128, 149, 159, 235, 240, 277, 325, 355, 400, 414, 418, 432, 445, 502, 574]",3.6886,GA with MLR,16,0.586,0.4146,0.2806,1.4754,1.1151,0.6056
"[99, 143, 222, 294, 315, 336, 385, 514, 826]",2.4582,GA with MLR,9,0.3169,0.3655,0.255,1.5014,1.2234,0.4648
"[2, 116, 197, 220, 244, 295, 341, 393, 550, 929]",2.6042,GA with MLR,10,0.3607,0.4417,0.3932,1.355,1.0709,0.5493
"[99, 122, 178, 218, 219, 251, 282, 430, 443, 470, 498, 517, 554, 695]",3.3253,GA with MLR,14,0.5426,0.3764,0.383,1.3663,1.1339,0.4648
"[119, 156, 166, 218, 222, 312, 358, 466, 557, 565]",2.6721,GA with MLR,10,0.3799,0.2378,0.259,1.4974,1.2441,0.4085
"[4, 38, 57, 58, 75, 120, 135, 263, 294, 375, 400, 451, 482, 488, 495, 692, 869]",3.8912,GA with MLR,17,0.5095,0.558,0.4906,1.2415,1.0036,0.5634
"[5, 65, 95, 120, 203, 256, 341, 346, 354, 434, 438, 441]",2.9917,GA with MLR,12,0.4119,0.4191,0.392,1.3564,1.043,0.5915
"[3, 65, 118, 119, 138, 150, 153, 214, 216, 247, 282, 302, 340, 446, 476, 564, 572, 816, 821]",4.3737,GA with MLR,19,0.5015,0.4434,0.4053,1.3414,1.049,0.6197
"[40, 59, 61, 68, 75, 95, 311, 312, 402, 468, 558, 698, 928, 929]",3.376,GA with MLR,14,0.4521,0.4235,0.4274,1.3163,1.0837,0.507
"[20, 34, 54, 103, 112, 142, 146, 210, 213, 233, 297, 337, 367, 412, 449, 522, 938, 941]",4.1676,GA with MLR,18,0.4854,0.4632,0.4118,1.334,1.0656,0.6197
"[33, 39, 73, 84, 146, 307, 311, 371, 400, 424, 473, 509, 530, 536, 566]",3.5723,GA with MLR,15,0.5243,0.3261,0.5098,1.2178,0.9002,0.6338
"[140, 161, 176, 227, 351, 472, 530, 548]",2.1967,GA with MLR,8,0.4074,0.336,0.3131,1.4416,1.1929,0.4789
"[137, 232, 254, 289, 317, 349, 402, 525, 558, 631]",2.5921,GA with MLR,10,0.3806,0.4351,0.3616,1.3898,1.1122,0.5211
"[0, 2, 60, 99, 103, 263, 334, 351, 392, 399, 420, 444, 454, 462, 693, 852, 880]",3.9562,GA with MLR,17,0.4965,0.4482,0.3785,1.3713,1.0253,0.6338
"[177, 212, 216, 287, 320, 367, 376, 404, 469, 852]",2.6716,GA with MLR,10,0.3399,0.311,0.2688,1.4874,1.1868,0.4507
"[66, 68, 187, 220, 241, 307, 316, 326, 364, 374, 381, 399, 400, 461, 483, 559, 906, 928]",4.1958,GA with MLR,18,0.4949,0.3885,0.3366,1.4168,1.0947,0.5493
"[241, 252, 375, 453, 495]",1.4605,GA with MLR,5,0.3166,0.4101,0.2632,1.4931,1.1839,0.5352
"[171, 291, 309, 340, 362, 488, 507]",1.9945,GA with MLR,7,0.3912,0.3518,0.3154,1.4393,1.1504,0.507
"[35, 46, 47, 116, 122, 126, 256, 271, 278, 337, 358, 374, 376, 466, 476, 543, 698, 930]",4.3071,GA with MLR,18,0.4206,0.2708,0.3328,1.4208,1.1569,0.507
"[31, 84, 142, 147, 163, 172, 185, 222, 227, 254, 320, 370, 393, 417, 439, 698, 868]",3.9688,GA with MLR,17,0.4769,0.4551,0.4341,1.3086,1.0904,0.507
"[63, 109, 169, 173, 197, 363, 370, 439, 446, 458, 839]",2.9182,GA with MLR,11,0.306,0.2747,0.2703,1.4859,1.1782,0.5211
"[75, 94, 431, 523]",1.4278,GA with MLR,4,0.2702,0.4317,0.3233,1.4309,1.1685,0.493
"[199, 260, 277, 322, 364, 446, 453, 479, 519, 538, 544, 563, 568, 691, 697]",3.6164,GA with MLR,15,0.4418,0.3713,0.2748,1.4813,1.2063,0.4507
"[61, 127, 177, 181, 220, 314, 334, 359, 366, 427, 440, 519, 524, 525, 530, 551, 552, 559, 560, 651]",4.5663,GA with MLR,20,0.4823,0.5102,0.4689,1.2677,1.004,0.5915
"[53, 68, 135, 150, 184, 199, 260, 277, 288, 321, 322, 330, 438, 519, 538, 544, 563, 568, 691]",4.3724,GA with MLR,19,0.518,0.4185,0.4573,1.2814,1.0174,0.6056
"[105, 199, 223, 260, 277, 322, 396, 401, 493, 519, 538, 544, 558, 563, 568, 631, 690, 691]",4.1915,GA with MLR,18,0.4789,0.4244,0.4313,1.3118,1.0678,0.5493
"[83, 101, 190, 193, 203, 212, 289, 299, 317, 360, 403, 413, 421, 504, 648, 906]",3.784,GA with MLR,16,0.4692,0.416,0.3957,1.3522,1.0839,0.5352
"[2, 85, 103, 163, 253, 382, 427, 492, 538, 571, 816, 867, 868]",3.1853,GA with MLR,13,0.3675,0.5317,0.3932,1.355,1.0277,0.6338
"[67, 156, 209, 253, 279, 363, 372, 395, 447, 473, 535, 567, 929, 930]",3.4763,GA with MLR,14,0.3804,0.3171,0.1856,1.5698,1.1819,0.5493
"[148, 200, 208, 231, 234, 311, 325, 368, 390, 392, 422, 428, 449]",3.2484,GA with MLR,13,0.4042,0.3195,0.0314,1.7119,1.2851,0.4648
"[79, 81, 121, 166, 261, 279, 287, 330, 373, 401, 469, 478, 515, 526, 545, 551, 554, 566]",4.2438,GA with MLR,18,0.4388,0.3806,0.444,1.2971,1.0641,0.507
"[107, 162, 249, 276, 384, 430, 442, 450, 550]",2.4064,GA with MLR,9,0.3741,0.3924,0.3609,1.3906,1.0844,0.5634
"[6, 32, 123, 124, 134, 254, 289, 307, 514]",2.369,GA with MLR,9,0.3934,0.4487,0.3881,1.3607,1.0648,0.5493
"[42, 60, 120, 137, 148, 160, 221, 256, 394, 432, 458, 513, 525, 554, 938]",3.6773,GA with MLR,15,0.4163,0.2751,0.2647,1.4915,1.1753,0.5211
"[112, 125, 167, 176, 282, 331, 364, 368, 369, 387, 539]",2.9468,GA with MLR,11,0.2412,0.3159,0.2138,1.5423,1.228,0.5211
"[42, 52, 56, 90, 125, 145, 188, 279, 322, 376, 413, 506, 548, 695]",3.4153,GA with MLR,14,0.4339,0.3665,0.3964,1.3514,1.0969,0.507
"[0, 79, 85, 145, 239, 245, 248, 353, 367, 389, 432, 462, 476, 538, 677, 698]",3.7772,GA with MLR,16,0.4296,0.4987,0.5128,1.2142,0.9483,0.5634
"[30, 51, 89, 135, 151, 162, 267, 406, 498, 556]",2.5425,GA with MLR,10,0.4798,0.3742,0.5515,1.1649,0.9343,0.662
"[16, 183, 207, 211, 253, 358, 381, 436, 438, 465, 494]",2.9682,GA with MLR,11,0.2706,0.2065,0.2255,1.5308,1.1787,0.4648
"[103, 108, 239, 288, 313, 469, 535, 556, 650, 908]",2.6775,GA with MLR,10,0.2685,0.4246,0.331,1.4227,1.1715,0.493
"[5, 158, 244, 247, 250, 253, 277, 390, 429, 446, 450, 455, 480, 488, 506, 534, 560, 570]",4.1858,GA with MLR,18,0.4592,0.4696,0.4028,1.3443,1.0596,0.5634
"[62, 99, 127, 392, 401, 402, 544, 907]",2.096,GA with MLR,8,0.4363,0.5262,0.3867,1.3622,1.0583,0.5211
"[182, 203, 222, 282, 305, 311, 330, 547, 567]",2.5298,GA with MLR,9,0.31,0.1893,0.1875,1.5679,1.1956,0.5352
"[33, 54, 56, 109, 308, 368, 397, 444, 456, 480, 525, 537, 566]",3.1133,GA with MLR,13,0.4651,0.5202,0.447,1.2935,1.0497,0.5915
"[90, 235, 245, 302, 306, 307, 312, 400, 469, 472, 542, 557, 821]",3.1789,GA with MLR,13,0.4767,0.354,0.3675,1.3834,1.0997,0.5634
"[20, 35, 63, 79, 109, 164, 209, 269, 288, 325, 359, 396, 454, 484, 522, 555, 695, 929]",4.2059,GA with MLR,18,0.4503,0.4424,0.3847,1.3645,1.1204,0.4789
"[52, 59, 197, 227, 248, 267, 486, 500, 538, 557, 839]",2.6998,GA with MLR,11,0.4851,0.4796,0.5445,1.1739,0.9523,0.6338
"[96, 149, 185, 207, 235, 306, 308, 332, 359, 380, 451, 492, 502, 534, 536, 549, 698]",3.9376,GA with MLR,17,0.528,0.433,0.3782,1.3716,1.0117,0.5775
"[39, 43, 192, 223, 254, 310, 353, 389, 430, 455, 458, 560, 867]",3.1322,GA with MLR,13,0.4696,0.4707,0.3698,1.3808,1.0898,0.5352
"[60, 122, 158, 164, 229, 284, 302, 322, 324, 330, 354, 398, 520, 547, 694, 908]",3.8604,GA with MLR,16,0.3993,0.3667,0.439,1.3029,1.0687,0.5775
"[30, 35, 65, 70, 75, 108, 109, 115, 128, 142, 172, 195, 225, 275, 317, 332, 463, 465, 504, 549]",4.6647,GA with MLR,20,0.5253,0.2373,0.3839,1.3653,1.1143,0.5352
"[17, 46, 188, 267, 288, 293, 348, 482, 872]",2.371,GA with MLR,9,0.4168,0.4015,0.4225,1.3219,1.0501,0.507
"[5, 80, 89, 126, 149, 170, 209, 239, 332, 415, 505, 696]",2.9262,GA with MLR,12,0.4991,0.4137,0.3372,1.4161,1.0751,0.6338
"[0, 60, 89, 114, 216, 228, 249, 337, 338, 407, 542, 546, 562, 690, 819]",3.6394,GA with MLR,15,0.3934,0.4029,0.3783,1.3715,1.0972,0.5775
"[114, 171, 212, 216, 323, 485, 546, 692, 839, 906]",2.6419,GA with MLR,10,0.3878,0.2998,0.281,1.4749,1.1702,0.5634
"[30, 97, 100, 116, 136, 140, 142, 152, 158, 208, 298, 337, 373, 396, 447, 464, 513, 529, 562, 694]",4.6378,GA with MLR,20,0.5507,0.2515,0.3557,1.3963,1.1235,0.5352
"[55, 129, 161, 176, 206, 226, 234, 246, 348, 366, 423, 425, 426, 441, 461, 469, 480, 532, 557, 867, 937]",4.9017,GA with MLR,21,0.4416,0.3217,0.3104,1.4445,1.1026,0.4789
"[0, 101, 132, 143, 180, 241, 297, 356, 407, 455, 523, 536]",3.0067,GA with MLR,12,0.3703,0.4578,0.407,1.3395,1.0559,0.5775
"[35, 63, 69, 87, 103, 270, 271, 317, 367, 381, 457, 521, 566, 574, 698]",3.5968,GA with MLR,15,0.4655,0.3739,0.4623,1.2755,0.9903,0.6338
"[140, 188, 190, 322, 354, 403, 405, 432, 494, 499, 676]",2.8015,GA with MLR,11,0.4037,0.3907,0.3412,1.4119,1.1381,0.4789
"[144, 161, 168, 178, 253, 284, 314, 320, 404, 501]",2.6141,GA with MLR,10,0.388,0.3683,0.259,1.4973,1.1445,0.5211
"[73, 77, 81, 160, 171, 196, 206, 246, 254, 281, 293, 343, 441, 455, 699, 869]",3.8519,GA with MLR,16,0.4081,0.3708,0.3828,1.3666,1.1048,0.5352
"[62, 70, 125, 134, 165, 225, 229, 328, 360, 389, 448, 457, 460, 532, 694]",3.6572,GA with MLR,15,0.4281,0.3016,0.3179,1.4366,1.1439,0.5211
"[76, 85, 95, 116, 166, 172, 188, 251, 263, 270, 367, 400, 448, 472, 690, 867]",3.7801,GA with MLR,16,0.5272,0.3249,0.4469,1.2937,1.0214,0.6197
"[45, 54, 162, 224, 297, 330, 334, 356, 380, 440, 464, 474, 491, 556, 560, 569]",3.7664,GA with MLR,16,0.4487,0.4891,0.4534,1.286,1.0207,0.5352
"[38, 60, 69, 103, 178, 245, 294, 296, 304, 342, 457, 514, 549, 553, 677, 937, 939]",4.0306,GA with MLR,17,0.4215,0.417,0.3868,1.3621,1.0741,0.5915
"[6, 99, 106, 114, 163, 230, 233, 243, 279, 437, 443, 458, 475, 506, 563, 930]",3.7908,GA with MLR,16,0.4803,0.3824,0.3229,1.4313,1.1227,0.493
"[66, 97, 114, 138, 250, 252, 315]",2.0668,GA with MLR,7,0.2693,0.3882,0.2659,1.4903,1.2226,0.4507
"[60, 68, 71, 148, 155, 193, 314, 328, 356, 375, 391, 452, 509, 524, 871]",3.6957,GA with MLR,15,0.3668,0.3176,0.2163,1.5399,1.2472,0.4225
"[91, 96, 132, 246, 322, 341, 397, 426, 430, 441, 513, 537, 555, 615, 681, 702, 703, 871, 880]",4.3866,GA with MLR,19,0.5001,0.4195,0.4015,1.3457,1.0145,0.6197
"[134, 151, 180, 200, 205, 292, 296, 330, 380, 438, 477, 507, 564]",3.1991,GA with MLR,13,0.4017,0.4399,0.3018,1.4535,1.2178,0.493
"[45, 46, 50, 62, 94, 97, 182, 299, 316, 337, 380, 382, 548, 865]",3.3853,GA with MLR,14,0.43,0.4413,0.4447,1.2962,1.052,0.5211
"[47, 103, 104, 108, 239, 243, 288, 313, 368, 469, 521, 535, 556, 650, 908]",3.6921,GA with MLR,15,0.371,0.3188,0.3395,1.4137,1.1612,0.5211
"[42, 107, 162, 249, 276, 384, 394, 430, 442, 450, 490, 550]",3.0408,GA with MLR,12,0.4176,0.2924,0.3524,1.3998,1.0893,0.5915
"[65, 103, 108, 239, 267, 288, 313, 379, 430, 442, 450, 550, 696, 869, 937]",3.5261,GA with MLR,15,0.4751,0.5106,0.4634,1.2742,0.9563,0.662
"[71, 103, 108, 239, 288, 313, 430, 442, 450, 495, 531, 550]",3.0053,GA with MLR,12,0.3691,0.4631,0.3285,1.4253,1.1505,0.5493
"[90, 141, 144, 166, 212, 240, 350, 365, 371, 374, 385, 434, 494, 496, 548, 558, 567]",3.9839,GA with MLR,17,0.4879,0.4045,0.3808,1.3688,1.0756,0.5493
"[45, 67, 96, 152, 181, 203, 211, 220, 325, 389, 410, 429, 460, 499, 531, 677, 696]",4.0333,GA with MLR,17,0.4391,0.3812,0.4023,1.3448,1.0354,0.5915
"[5, 16, 44, 57, 73, 111, 169, 170, 197, 271, 366, 374, 395, 447, 449, 466, 505, 541, 559]",4.2445,GA with MLR,19,0.6024,0.5239,0.5232,1.2011,0.9492,0.6056
"[1, 115, 149, 151, 222, 279, 282, 365, 377, 387, 495, 551, 569]",3.1519,GA with MLR,13,0.4472,0.4667,0.4233,1.3209,1.059,0.5634
"[17, 75, 88, 100, 118, 119, 147, 230, 252, 325, 342, 348, 357, 415, 421, 928]",3.7625,GA with MLR,16,0.4463,0.5017,0.4758,1.2594,1.0072,0.5634
"[109, 115, 149, 163, 206, 228, 319, 407, 516, 523, 552, 692, 941]",3.2244,GA with MLR,13,0.3915,0.3989,0.2214,1.5349,1.2119,0.507
"[102, 130, 152, 189, 241, 299, 312, 322, 332, 387, 465, 475, 536, 539, 555, 937]",3.7977,GA with MLR,16,0.4538,0.4127,0.3665,1.3845,1.0322,0.6197
"[41, 68, 79, 120, 173, 209, 249, 260, 289, 313, 366, 374, 400, 406, 492, 526, 560, 569, 864]",4.2969,GA with MLR,19,0.5442,0.5231,0.4659,1.2713,1.0311,0.5634
"[33, 41, 50, 76, 79, 81, 133, 205, 358, 370, 444, 540, 572]",3.2231,GA with MLR,13,0.4419,0.3131,0.4222,1.3223,1.1066,0.507
"[0, 39, 86, 105, 114, 168, 177, 201, 220, 375, 413, 423, 448, 461, 521, 540, 545]",4.0189,GA with MLR,17,0.4879,0.3294,0.3791,1.3706,1.067,0.5915
"[193, 194, 242, 296, 297, 338, 381, 474]",2.2065,GA with MLR,8,0.333,0.4477,0.355,1.397,1.1,0.5634
"[73, 123, 159, 215, 267, 311, 330, 341, 374, 391, 404, 526, 545, 570]",3.3884,GA with MLR,14,0.4491,0.4009,0.4855,1.2476,0.9866,0.5915
"[4, 79, 93, 143, 233, 360, 463, 522, 541, 676]",2.541,GA with MLR,10,0.4394,0.4504,0.4415,1.3,1.0468,0.5493
"[17, 40, 45, 79, 164, 212, 320, 402, 564]",2.3339,GA with MLR,9,0.4643,0.404,0.3732,1.3772,1.1479,0.4648
"[45, 105, 120, 171, 252, 284, 289, 299, 379, 384, 527, 532, 690, 703]",3.4327,GA with MLR,14,0.3864,0.4092,0.3369,1.4165,1.1163,0.507
"[77, 109, 194, 214, 231, 261, 287, 340, 351, 506, 514, 852]",3.0189,GA with MLR,12,0.409,0.3602,0.2426,1.5139,1.1045,0.5775
"[56, 75, 159, 184, 199, 227, 325, 441, 443, 454, 476, 534, 865]",3.1886,GA with MLR,13,0.419,0.4335,0.3844,1.3648,1.1177,0.5352
"[41, 48, 129, 254, 278, 290, 342, 343, 374, 429, 434, 442, 480, 527, 536, 852, 870]",4.0305,GA with MLR,17,0.4732,0.329,0.3916,1.3567,1.0423,0.5775
"[58, 114, 121, 130, 170, 236, 249, 270, 282, 320, 328, 396, 419, 438, 480, 537, 821]",3.8936,GA with MLR,17,0.5228,0.5305,0.4475,1.2929,1.0448,0.5352
"[201, 207, 302, 308, 344, 434, 447, 497, 519]",2.3959,GA with MLR,9,0.3876,0.3937,0.3518,1.4005,1.0823,0.5211
"[47, 51, 54, 66, 187, 212, 287, 293, 322, 341, 475, 476, 486, 508, 552, 941]",3.7912,GA with MLR,16,0.4703,0.3988,0.3598,1.3917,1.0538,0.5775
"[39, 125, 166, 178, 337, 404, 411, 482, 504, 562, 564, 699]",3.0191,GA with MLR,12,0.4203,0.3398,0.2984,1.457,1.1865,0.5211
"[46, 147, 174, 180, 275, 311, 362, 377, 421, 478, 480, 495, 538, 539, 816]",3.6248,GA with MLR,15,0.3838,0.4527,0.3184,1.4361,1.1347,0.507
"[87, 122, 164, 181, 185, 235, 415, 466, 477, 574, 631, 648]",2.996,GA with MLR,12,0.4127,0.4077,0.3582,1.3935,1.1177,0.507
"[91, 143, 183, 214, 216, 253, 260, 271, 346, 360, 372, 462, 466, 677]",3.3967,GA with MLR,14,0.504,0.2863,0.4014,1.3458,1.0916,0.493
"[1, 52, 66, 153, 201, 209, 281, 306, 365, 405, 430, 536, 821]",3.2304,GA with MLR,13,0.3996,0.3705,0.4077,1.3387,1.0654,0.6056
"[52, 103, 112, 123, 256, 278, 331, 369, 452, 522, 529, 821]",3.0045,GA with MLR,12,0.3843,0.4381,0.3395,1.4137,1.1431,0.5775
"[36, 74, 114, 154, 185, 243, 285, 455, 547]",2.4132,GA with MLR,9,0.3516,0.4164,0.3819,1.3676,1.1127,0.507
"[82, 103, 123, 212, 398, 473, 525, 528, 546, 558, 821, 865]",3.0651,GA with MLR,12,0.3725,0.3133,0.3749,1.3753,1.0667,0.5493
"[77, 103, 119, 139, 199, 207, 242, 261, 295, 347, 355, 406, 421, 463, 490, 491, 501, 527, 529, 540, 615, 929]",4.9988,GA with MLR,22,0.5627,0.3557,0.324,1.4301,1.1013,0.5634
"[94, 173, 178, 192, 343, 345, 415, 416, 478, 544]",2.6117,GA with MLR,10,0.4072,0.3398,0.2756,1.4805,1.1268,0.493
"[6, 59, 69, 76, 78, 95, 121, 163, 255, 291, 295, 308, 385, 404, 420, 429, 480, 489, 572]",4.3779,GA with MLR,19,0.5143,0.4134,0.4354,1.3071,1.0623,0.5634
"[1, 16, 71, 138, 178, 194, 199, 205, 208, 214, 238, 271, 306, 322, 346, 399, 454, 523, 529, 534, 552, 572, 930]",5.163,GA with MLR,23,0.5585,0.452,0.5002,1.2297,0.9956,0.5493
"[51, 124, 149, 344, 368, 413, 452, 480, 482, 540, 542, 572]",2.978,GA with MLR,12,0.4624,0.3615,0.271,1.4852,1.1756,0.5211
"[35, 109, 111, 112, 130, 145, 226, 286, 383, 452, 456, 503, 543, 545, 694]",3.619,GA with MLR,15,0.4517,0.3482,0.4737,1.2619,1.0516,0.5634
"[72, 74, 86, 90, 102, 112, 134, 137, 237, 311, 332, 364, 394, 486, 503, 541]",3.8512,GA with MLR,16,0.4595,0.284,0.4022,1.3449,1.0934,0.5493
"[36, 121, 213, 294, 305, 342, 357, 368, 393, 450, 466, 481, 488, 517]",3.3929,GA with MLR,14,0.4466,0.3953,0.4529,1.2866,1.0548,0.493
"[110, 111, 206, 248, 313, 329, 366, 406, 455, 480, 542, 550]",3.0657,GA with MLR,12,0.3708,0.3146,0.2394,1.517,1.2163,0.493
"[2, 196, 217, 285, 318, 329, 366, 381, 431, 478]",2.6463,GA with MLR,10,0.3496,0.3576,0.3304,1.4233,1.1229,0.5352
"[47, 55, 103, 138, 158, 184, 207, 211, 231, 246, 392, 397, 433, 444, 490, 521, 650, 676, 930]",4.3027,GA with MLR,19,0.5391,0.5206,0.263,1.4933,1.105,0.493
"[48, 85, 123, 247, 253, 373, 400, 412, 693, 694, 702, 866]",2.9143,GA with MLR,12,0.4722,0.4878,0.3474,1.4052,1.126,0.5493
"[0, 113, 134, 209, 230, 318, 351, 452, 480, 484, 502, 615, 939]",3.2647,GA with MLR,13,0.3182,0.4319,0.3193,1.4351,1.1786,0.4789
"[95, 132, 145, 171, 205, 237, 247, 313, 330, 354, 446, 448, 517, 564, 866]",3.6138,GA with MLR,15,0.4771,0.3159,0.3214,1.4329,1.1544,0.5211
"[4, 135, 256, 277, 284, 307, 327, 450, 555, 558, 696, 821]",2.9826,GA with MLR,12,0.4053,0.452,0.3711,1.3795,1.113,0.5493
"[47, 82, 182, 188, 217, 286, 296, 316, 408, 419, 435, 455, 826]",3.0946,GA with MLR,13,0.497,0.5041,0.4209,1.3237,1.0879,0.507
"[133, 150, 181, 185, 344, 351, 353, 396, 401, 435, 453, 469, 501, 509, 521, 525]",3.8406,GA with MLR,16,0.4119,0.3898,0.3206,1.4338,1.1757,0.4789
"[17, 40, 45, 79, 145, 164, 212, 291, 320, 336, 402, 422, 510, 564]",3.3334,GA with MLR,14,0.5106,0.4149,0.406,1.3406,1.1496,0.4789
"[109, 115, 149, 163, 206, 228, 319, 407, 516, 523, 542, 547, 552, 569, 692, 908, 941]",3.946,GA with MLR,17,0.4514,0.5462,0.4281,1.3154,1.0084,0.6056
"[17, 45, 79, 100, 104, 151, 164, 212, 280, 320, 330, 402, 408, 501, 564, 692, 941]",3.9704,GA with MLR,17,0.4647,0.4728,0.3615,1.39,1.1399,0.4648
"[17, 40, 45, 79, 152, 164, 207, 212, 320, 402, 416, 473, 564, 692, 941]",3.5624,GA with MLR,15,0.5052,0.3807,0.3731,1.3772,1.1148,0.5352
"[92, 159, 162, 170, 194, 251, 263, 310, 371, 372, 406, 429, 506, 531, 563]",3.6379,GA with MLR,15,0.4332,0.3373,0.3709,1.3797,1.1092,0.5775
"[57, 101, 107, 161, 182, 310, 440, 462, 906]",2.4482,GA with MLR,9,0.3249,0.3767,0.3011,1.4542,1.1623,0.5352
"[35, 52, 133, 161, 200, 263, 323, 444, 527, 532]",2.6021,GA with MLR,10,0.3574,0.4526,0.3558,1.3961,1.1171,0.5211
"[65, 188, 250, 279, 369, 418, 466, 506, 517, 549, 566, 821, 826, 864]",3.3954,GA with MLR,14,0.4448,0.3927,0.4787,1.2559,1.0034,0.5352
"[80, 89, 149, 290, 346, 352, 404, 484, 523, 557, 567]",2.8079,GA with MLR,11,0.3697,0.4362,0.3376,1.4157,1.1023,0.5634
"[55, 70, 191, 245, 267, 306, 387, 424, 449, 452, 463, 465, 513, 552, 562]",3.6475,GA with MLR,15,0.4418,0.3004,0.3425,1.4105,1.1135,0.4648
"[51, 85, 113, 115, 165, 244, 253, 299, 300, 359, 517]",2.7192,GA with MLR,11,0.4896,0.4281,0.3912,1.3572,1.0309,0.5493
"[3, 15, 68, 124, 207, 213, 246, 255, 278, 387, 490]",2.8093,GA with MLR,11,0.3662,0.4391,0.5547,1.1608,0.9896,0.5775
"[15, 71, 148, 196, 207, 218, 308, 478, 481, 517, 543, 565, 816, 852, 870]",3.6117,GA with MLR,15,0.5007,0.2798,0.4398,1.302,1.069,0.5634
"[105, 118, 168, 199, 378, 392, 434, 493, 681]",2.4005,GA with MLR,9,0.3695,0.4154,0.3559,1.396,1.0911,0.507
"[81, 113, 115, 134, 168, 185, 187, 212, 269, 353, 357, 451, 454, 529, 560, 561, 937]",4.0354,GA with MLR,17,0.4339,0.3854,0.3376,1.4157,1.1368,0.5352
"[62, 65, 103, 206, 296, 332, 364, 374, 384, 385, 386, 478, 480, 484, 567, 631, 690]",3.9816,GA with MLR,17,0.467,0.445,0.3603,1.3912,1.05,0.5775
"[36, 75, 104, 118, 216, 224, 232, 254, 284, 318, 325, 332, 377, 379, 385, 411, 432, 478, 502, 566, 567]",4.7913,GA with MLR,21,0.4733,0.496,0.4387,1.3032,1.0136,0.5352
"[43, 71, 80, 126, 210, 285, 292, 346, 433, 446, 469, 527, 550]",3.2545,GA with MLR,13,0.3709,0.3635,0.2584,1.4979,1.2086,0.4648
"[43, 98, 129, 158, 231, 247, 382, 387, 434, 480, 527, 565, 908]",3.1387,GA with MLR,13,0.4679,0.4594,0.2868,1.4689,1.1132,0.5352
"[31, 52, 83, 128, 137, 185, 249, 409, 427, 439, 474, 565]",3.0399,GA with MLR,12,0.3855,0.3515,0.3506,1.4017,1.0883,0.5211
"[99, 119, 146, 152, 171, 172, 183, 272, 328, 392, 465, 472, 529]",3.1335,GA with MLR,13,0.4908,0.4308,0.3773,1.3726,1.0715,0.5352
"[54, 224, 267, 350, 380, 431, 468, 532, 691]",2.3341,GA with MLR,9,0.429,0.4674,0.4856,1.2476,1.0007,0.5634
"[59, 70, 78, 82, 121, 227, 255, 405, 509]",2.3554,GA with MLR,9,0.4155,0.4415,0.5046,1.2244,1.0178,0.5211
"[83, 129, 287, 290, 317, 322, 341, 385, 402, 416, 459, 513, 544, 556, 564, 648, 677, 865, 868]",4.4447,GA with MLR,19,0.4411,0.397,0.2029,1.553,1.1427,0.5915
"[0, 242, 263, 314, 348, 419, 698, 941]",2.2236,GA with MLR,8,0.3577,0.3589,0.2958,1.4597,1.1962,0.4789
"[48, 86, 97, 214, 267, 380, 439, 442, 491, 523, 871]",2.8206,GA with MLR,11,0.3763,0.3939,0.4269,1.3169,1.045,0.5493
"[33, 57, 59, 66, 241, 293, 299, 424, 938]",2.5093,GA with MLR,9,0.31,0.2443,0.312,1.4428,1.1884,0.5211
"[51, 82, 201, 202, 331, 333, 377, 391, 399, 439, 469, 562]",3.0354,GA with MLR,12,0.382,0.3687,0.398,1.3496,1.0343,0.5211
"[55, 69, 76, 93, 133, 194, 200, 210, 227, 236, 283, 315, 316, 367, 424, 489, 547, 569]",4.2176,GA with MLR,18,0.4815,0.3649,0.4035,1.3434,1.0889,0.5352
"[20, 83, 97, 112, 123, 128, 234, 260, 270, 322, 364, 489]",3.0284,GA with MLR,12,0.3869,0.3768,0.393,1.3552,1.1334,0.4507
"[94, 105, 150, 156, 158, 285, 290, 319, 537, 565]",2.6425,GA with MLR,10,0.3935,0.288,0.2697,1.4865,1.1934,0.5352
"[76, 91, 94, 242, 255, 298, 308, 311, 332, 368, 468, 480, 498, 500]",3.3401,GA with MLR,14,0.5053,0.4097,0.3971,1.3506,1.0847,0.5775
"[99, 147, 157, 161, 165, 176, 318, 373, 409, 412, 456, 477, 525, 544, 700]",3.6925,GA with MLR,15,0.3938,0.2782,0.2474,1.509,1.1863,0.507
"[39, 252, 361, 383, 384, 446, 460]",2.0685,GA with MLR,7,0.3268,0.2775,0.2609,1.4954,1.1642,0.5775
"[173, 253, 255, 256, 312, 315, 336, 386, 395, 420, 422, 442, 498, 567, 651]",3.6562,GA with MLR,15,0.4006,0.3517,0.2513,1.5051,1.166,0.5493
"[69, 92, 97, 138, 189, 228, 289, 307, 315, 329, 438, 481, 484, 491, 513, 546, 547]",4.0278,GA with MLR,17,0.4335,0.4028,0.5044,1.2246,0.9792,0.6056
"[287, 324, 329, 376, 378, 382, 384, 487, 533, 557]",2.6462,GA with MLR,10,0.3841,0.2957,0.2981,1.4573,1.1426,0.507
"[181, 281, 308, 322, 394, 406, 419, 526, 872]",2.5549,GA with MLR,9,0.279,0.1774,0.2217,1.5346,1.2878,0.4789
"[198, 399, 463, 492, 501, 535, 536, 547, 549, 563, 871, 938]",2.9807,GA with MLR,12,0.4499,0.3773,0.4727,1.2631,0.9947,0.5634
"[39, 71, 137, 145, 243, 283, 292, 366, 375, 458, 477, 525]",3.0913,GA with MLR,12,0.3465,0.2944,0.253,1.5034,1.187,0.5493
"[30, 195, 217, 250, 329, 376, 377, 380, 406, 431, 432, 440, 494, 543, 700]",3.6802,GA with MLR,15,0.3824,0.3272,0.352,1.4003,1.1172,0.493
"[73, 87, 177, 226, 256, 309, 325, 341, 402, 447, 566, 852, 869]",3.2108,GA with MLR,13,0.4258,0.3701,0.4228,1.3215,1.0323,0.5915
"[139, 151, 161, 176, 240, 263, 271, 318, 345, 357, 369, 379, 406, 545, 563, 567, 573, 574, 676, 703, 826, 852]",5.0037,GA with MLR,22,0.5136,0.4264,0.3554,1.3965,1.1177,0.5352
"[49, 62, 199, 220, 230, 328, 442, 455, 473, 486]",2.6605,GA with MLR,10,0.314,0.3859,0.2319,1.5245,1.2114,0.507
"[110, 138, 208, 323, 387, 544]",1.5803,GA with MLR,6,0.2941,0.2845,0.2873,1.4685,1.1506,0.5211
"[3, 47, 57, 107, 122, 152, 182, 290, 294, 351, 359, 476, 492, 504, 523, 550, 571, 615, 816]",4.3572,GA with MLR,19,0.4827,0.5082,0.4615,1.2764,1.0422,0.5352
"[6, 38, 85, 123, 154, 222, 233, 263, 277, 308, 343, 355, 381, 431, 458, 480, 522, 547]",4.3061,GA with MLR,18,0.409,0.2927,0.2255,1.5308,1.1802,0.4789
"[68, 121, 186, 233, 302, 419, 424, 485, 495, 500, 531]",2.7954,GA with MLR,11,0.4118,0.3909,0.4397,1.3021,1.0394,0.5915
"[2, 6, 85, 95, 107, 153, 182, 243, 302, 358, 396, 398, 438, 869]",3.3266,GA with MLR,14,0.4549,0.5268,0.4732,1.2625,0.9644,0.662
"[41, 55, 99, 184, 186, 187, 230, 241, 334, 340, 356, 357, 384, 390, 695, 852]",3.7798,GA with MLR,16,0.4914,0.387,0.4091,1.3371,1.042,0.5352
"[43, 71, 80, 96, 104, 126, 150, 160, 210, 285, 292, 346, 433, 446, 469, 527, 543, 550, 562]",4.4322,GA with MLR,19,0.4688,0.3772,0.3476,1.405,1.1661,0.4366
"[55, 70, 154, 191, 218, 245, 255, 267, 277, 306, 386, 387, 424, 449, 452, 463, 465, 491, 513, 552, 562]",4.8815,GA with MLR,21,0.5022,0.2645,0.3705,1.3801,1.107,0.5352
"[6, 43, 71, 80, 126, 193, 210, 219, 250, 285, 292, 346, 348, 423, 433, 446, 469, 475, 527, 550]",4.6957,GA with MLR,20,0.4189,0.3476,0.2404,1.516,1.2465,0.3803
"[43, 71, 80, 94, 126, 181, 210, 220, 285, 292, 322, 346, 348, 433, 446, 469, 526, 527, 529, 543, 550]",4.8519,GA with MLR,21,0.4832,0.3573,0.2296,1.5268,1.2385,0.4789
"[95, 213, 370, 383, 442, 511, 526]",2.0652,GA with MLR,7,0.3082,0.3207,0.297,1.4584,1.2112,0.5211
"[35, 84, 205, 280, 294, 307, 317, 380, 416, 436, 470, 489, 510, 552, 565, 677]",3.822,GA with MLR,16,0.466,0.3384,0.3789,1.3709,1.1494,0.507
"[35, 104, 141, 151, 172, 187, 207, 215, 369, 437, 472, 554]",2.9738,GA with MLR,12,0.4365,0.4171,0.384,1.3652,1.0414,0.5634
"[107, 156, 276, 307, 329, 357, 362, 381, 434, 478, 510, 518, 528, 537]",3.4689,GA with MLR,14,0.4447,0.2225,0.3466,1.4061,1.1415,0.5493
"[43, 80, 88, 201, 216, 223, 234, 251, 263, 267, 325, 377, 436, 465, 483, 494, 496, 558, 868]",4.4085,GA with MLR,19,0.4525,0.4542,0.3729,1.3775,1.0454,0.6197
"[74, 88, 89, 127, 183, 241, 323, 402, 403, 417, 453, 466, 519, 690, 866, 867]",3.9105,GA with MLR,16,0.4153,0.2226,0.3298,1.424,1.1273,0.5493
"[36, 81, 89, 111, 250, 345, 357, 423, 435, 453, 498, 524, 679, 908]",3.4836,GA with MLR,14,0.3907,0.2815,0.3298,1.424,1.1843,0.4366
"[35, 43, 215, 261, 283, 455, 506, 541, 567]",2.4709,GA with MLR,9,0.2877,0.3857,0.3019,1.4533,1.2027,0.4648
"[50, 66, 71, 73, 91, 133, 182, 269, 278, 346, 349, 486, 869]",3.324,GA with MLR,13,0.3723,0.1907,0.2595,1.4969,1.1409,0.5211
"[2, 34, 48, 93, 109, 114, 121, 318, 353, 398, 463, 476, 486, 488, 502, 509]",3.8382,GA with MLR,16,0.4583,0.3154,0.3879,1.3609,1.0717,0.5493
"[17, 136, 160, 238, 276, 284, 287, 288, 452, 459, 509, 539, 693, 702, 865, 929]",3.7823,GA with MLR,16,0.466,0.4254,0.4234,1.3208,1.0226,0.6197
"[43, 123, 152, 222, 306, 387, 427, 451, 458, 459, 476, 477, 489, 506]",3.4947,GA with MLR,14,0.3677,0.2948,0.338,1.4152,1.1274,0.5493
"[178, 233, 293, 299, 473, 506, 544, 868]",2.1876,GA with MLR,8,0.3982,0.3758,-0.2195,1.9209,1.255,0.5493
"[126, 203, 287, 299, 356, 422, 466, 567]",2.3187,GA with MLR,8,0.3085,0.1984,0.2457,1.5107,1.2002,0.5211
"[134, 192, 290, 391, 464, 488, 547, 566, 700]",2.4242,GA with MLR,9,0.3742,0.3479,0.377,1.373,1.0365,0.5915
"[43, 74, 123, 130, 149, 204, 255, 275, 305, 341, 376, 412, 455, 513, 819, 928]",3.7968,GA with MLR,16,0.4085,0.4928,0.4161,1.3292,1.0913,0.5634
"[1, 67, 73, 203, 212, 221, 269, 289, 306, 330, 332, 365, 407, 437, 533, 556, 561, 571, 676]",4.3047,GA with MLR,19,0.5667,0.4705,0.4778,1.257,0.9913,0.5915
"[125, 143, 157, 181, 237, 387, 407, 456, 482, 492, 512]",2.8467,GA with MLR,11,0.3808,0.3217,0.2829,1.473,1.1583,0.5493
"[89, 94, 145, 150, 222, 234, 255, 325, 343, 349, 518, 562, 839, 938]",3.4443,GA with MLR,14,0.457,0.2588,0.2589,1.4975,1.2041,0.4789
"[122, 233, 404, 450, 463, 472, 481, 498, 561, 930]",2.6243,GA with MLR,10,0.375,0.3666,0.2983,1.4571,1.157,0.4507
"[17, 72, 77, 92, 99, 110, 164, 186, 213, 261, 288, 407, 419, 434, 457, 481, 487, 678, 700, 907]",4.6422,GA with MLR,20,0.5288,0.2786,0.4114,1.3345,1.0573,0.5211
"[62, 72, 144, 228, 245, 247, 315, 456, 461, 565, 695, 826, 870]",3.2924,GA with MLR,13,0.3597,0.2914,0.2795,1.4765,1.1872,0.493
"[72, 155, 190, 260, 359, 460, 538, 545, 819]",2.4874,GA with MLR,9,0.2773,0.3614,0.3255,1.4286,1.136,0.493
"[1, 98, 105, 141, 159, 161, 280, 294, 316, 348, 409, 455, 470, 852]",3.4073,GA with MLR,14,0.3887,0.4637,0.4284,1.3151,1.0496,0.5493
"[15, 112, 118, 228, 272, 288, 320, 343]",2.1204,GA with MLR,8,0.417,0.5044,0.4648,1.2725,1.074,0.4789
"[17, 95, 135, 204, 245, 246, 324, 380, 392, 438, 449, 476, 928]",3.2113,GA with MLR,13,0.442,0.3407,0.3332,1.4204,1.1418,0.493
"[5, 17, 41, 55, 83, 95, 146, 178, 253, 281, 356, 418, 454, 564, 631, 907, 937]",3.8844,GA with MLR,17,0.5851,0.4424,0.4413,1.3002,1.0751,0.493
"[1, 30, 79, 129, 206, 220, 229, 272, 332, 369, 499, 539]",3.0191,GA with MLR,12,0.4323,0.3183,0.3569,1.3949,1.1194,0.5634
"[17, 171, 216, 319, 333, 338, 351, 372, 427, 466, 507, 522, 525, 528]",3.5035,GA with MLR,14,0.3905,0.2336,0.3759,1.3742,1.0899,0.5352
"[5, 46, 90, 112, 239, 283, 296, 323, 405, 418, 631, 839, 872]",3.1086,GA with MLR,13,0.4829,0.4988,0.426,1.3179,1.0487,0.6056
"[46, 132, 152, 165, 191, 206, 301, 317, 410, 426, 442, 463, 492, 539, 694, 872]",3.7057,GA with MLR,16,0.5393,0.46,0.4814,1.2526,0.9679,0.5775
"[220, 225, 295, 397, 463, 513, 693, 872]",2.1227,GA with MLR,8,0.4546,0.43,0.45,1.2901,1.0367,0.5352
"[81, 96, 123, 294, 296, 304, 374, 431, 481, 500, 514, 525, 536, 550, 826]",3.5897,GA with MLR,15,0.4547,0.4086,0.4028,1.3442,1.0885,0.507
"[2, 35, 62, 153, 169, 327, 347, 396, 418, 431, 486, 487, 566, 680]",3.5027,GA with MLR,14,0.3431,0.3186,0.2484,1.508,1.1849,0.493
"[78, 120, 198, 249, 308, 337, 389, 392, 416, 907]",2.6986,GA with MLR,10,0.286,0.3386,0.2699,1.4863,1.2066,0.4648
"[50, 82, 108, 114, 133, 201, 300, 315, 416, 417, 546, 551, 558, 631]",3.4513,GA with MLR,14,0.3714,0.3921,0.3312,1.4225,1.1614,0.493
"[48, 80, 127, 150, 152, 213, 222, 254, 281, 309, 316, 323, 486, 498, 526, 548]",3.7863,GA with MLR,16,0.5126,0.3366,0.3747,1.3755,1.1469,0.5352
"[5, 6, 111, 159, 197, 207, 213, 352, 382, 474, 489, 507, 569, 631]",3.3237,GA with MLR,14,0.4776,0.4934,0.4469,1.2937,1.0354,0.6056
"[20, 42, 153, 186, 256, 316, 343, 352, 408]",2.6287,GA with MLR,9,0.2925,-0.0543,0.021,1.7211,1.3208,0.4789
"[16, 53, 78, 184, 232, 251, 270, 343, 417, 491]",2.4643,GA with MLR,10,0.503,0.5091,0.4621,1.2757,1.0021,0.6056
"[112, 191, 241, 353, 422, 492, 651, 680, 866]",2.4322,GA with MLR,9,0.3451,0.3804,0.3426,1.4103,1.1342,0.4789
"[16, 46, 80, 86, 194, 277, 319, 324, 367, 485, 522, 528, 556, 940]",3.3256,GA with MLR,14,0.4522,0.5337,0.4949,1.2362,0.964,0.6197
"[31, 67, 220, 249, 251, 317, 405, 441, 456, 463, 479, 488, 571, 649, 677, 940]",3.9617,GA with MLR,16,0.3722,0.174,0.2682,1.488,1.207,0.493
"[100, 203, 261, 283, 295, 299, 325, 446, 478, 507, 512, 690]",2.9235,GA with MLR,12,0.4491,0.5084,0.4534,1.286,1.0076,0.5352
"[62, 187, 209, 246, 359, 417, 556]",2.0215,GA with MLR,7,0.3471,0.3637,0.3781,1.3718,1.0915,0.5775
"[6, 54, 68, 105, 139, 143, 186, 215, 216, 362, 368, 480, 506, 513, 549, 690, 826]",3.9347,GA with MLR,17,0.5405,0.4175,0.4511,1.2887,1.0378,0.5493
"[126, 167, 203, 287, 290, 299, 343, 356, 422, 458, 466, 522, 567, 867]",3.5393,GA with MLR,14,0.349,0.2182,0.235,1.5214,1.2207,0.5211
"[74, 88, 89, 127, 183, 208, 226, 241, 323, 402, 403, 407, 417, 453, 466, 498, 519, 690, 866, 867]",4.7242,GA with MLR,20,0.4539,0.2272,0.2682,1.4881,1.1583,0.5211
"[54, 82, 113, 126, 146, 203, 242, 287, 299, 345, 356, 402, 403, 417, 453, 466, 519, 520, 631, 690, 866, 867]",4.972,GA with MLR,22,0.5098,0.4939,0.4305,1.3126,1.0307,0.5634
"[104, 126, 138, 152, 203, 287, 299, 320, 356, 402, 403, 417, 440, 444, 446, 453, 466, 519, 530, 690, 866, 867]",5.0298,GA with MLR,22,0.4946,0.4061,0.326,1.4281,1.1192,0.5211
"[84, 201, 286, 321, 415, 430, 438, 498, 533, 556]",2.5744,GA with MLR,10,0.4347,0.3803,0.4563,1.2826,1.0076,0.6056
"[61, 113, 115, 142, 161, 281, 332, 365, 389, 404, 418, 448, 534, 631]",3.3727,GA with MLR,14,0.4096,0.505,0.4038,1.3431,1.1158,0.4648
"[69, 79, 86, 95, 125, 197, 217, 226, 250, 298, 570]",2.7768,GA with MLR,11,0.4295,0.4032,0.3163,1.4383,1.1432,0.5493
"[42, 66, 93, 140, 152, 327, 363, 371, 388, 411, 419, 460, 511, 676, 694, 852]",3.801,GA with MLR,16,0.4419,0.426,0.3737,1.3766,1.0772,0.5915
"[79, 88, 92, 144, 180, 210, 229, 270, 294, 297, 299, 334, 378, 436, 478, 516]",3.8309,GA with MLR,16,0.419,0.3993,0.4053,1.3414,1.0694,0.5775
"[59, 123, 157, 191, 207, 263, 287, 411, 470, 471, 509]",2.8785,GA with MLR,11,0.3867,0.232,0.2995,1.4559,1.1699,0.493
"[60, 155, 202, 213, 242, 272, 275, 304, 378, 499, 559, 572]",2.955,GA with MLR,12,0.4305,0.4708,0.4988,1.2314,1.0008,0.5915
"[52, 66, 105, 165, 174, 193, 195, 215, 229, 302, 329, 417, 498, 528, 868]",3.5239,GA with MLR,15,0.51,0.4549,0.289,1.4667,1.1672,0.6197
"[32, 180, 202, 203, 245, 390, 411, 433, 480, 520, 525, 566, 906]",3.2569,GA with MLR,13,0.4135,0.2829,0.2819,1.474,1.1677,0.5211
"[60, 85, 98, 107, 130, 193, 212, 244, 260, 269, 290, 300, 367, 396, 405, 449, 513, 514, 681, 929]",4.5596,GA with MLR,20,0.4743,0.5369,0.3642,1.387,1.0588,0.6479
"[79, 142, 190, 210, 213, 215, 319, 349, 353, 384, 385, 400, 426, 443, 449, 455, 483, 544, 551, 553, 697, 826]",5.1233,GA with MLR,22,0.5272,0.1608,0.2478,1.5086,1.2237,0.4366
"[58, 84, 100, 195, 200, 352, 402, 408, 456, 493, 513, 700]",2.8704,GA with MLR,12,0.4825,0.5647,0.5628,1.1501,0.9509,0.5634
"[68, 125, 136, 171, 182, 192, 212, 316, 343, 350, 395, 553, 696, 699]",3.3003,GA with MLR,14,0.51,0.4865,0.3481,1.4044,1.117,0.5634
"[5, 20, 100, 147, 196, 212, 213, 235, 293, 307, 314, 344, 380, 390, 422, 463, 481, 491, 514, 518, 556]",4.7853,GA with MLR,21,0.5505,0.3804,0.4445,1.2964,1.0512,0.5352
"[78, 155, 288, 304, 315, 358, 384, 389, 406, 455, 464, 474, 507, 519]",3.5748,GA with MLR,14,0.2733,0.2606,0.1829,1.5723,1.2642,0.4507
"[46, 94, 152, 176, 198, 201, 227, 230, 237, 276, 404, 439, 484, 649]",3.3517,GA with MLR,14,0.445,0.4896,0.3756,1.3745,1.1264,0.507
"[33, 52, 75, 124, 125, 150, 187, 341, 351, 386, 428, 649, 938, 941]",3.4162,GA with MLR,14,0.3723,0.472,0.3729,1.3775,1.1035,0.5352
"[61, 105, 128, 153, 166, 177, 235, 237, 239, 241, 275, 352, 414, 444, 450, 523, 548, 651, 871]",4.338,GA with MLR,19,0.4952,0.5255,0.5048,1.224,0.984,0.6056
"[51, 90, 95, 127, 144, 344, 364, 409, 454, 507, 533, 549]",3.0402,GA with MLR,12,0.3881,0.3463,0.3464,1.4063,1.0567,0.6056
"[57, 86, 89, 113, 301, 388, 421, 427, 429, 440, 474, 520]",3.2039,GA with MLR,12,0.2006,0.2608,0.2331,1.5233,1.2669,0.4507
"[40, 63, 93, 215, 287, 360, 396, 407, 694]",2.3911,GA with MLR,9,0.4023,0.379,0.3173,1.4373,1.1209,0.5352
"[87, 295, 300, 308, 343, 374, 417, 421, 426]",2.4607,GA with MLR,9,0.3414,0.3145,0.2448,1.5116,1.1868,0.493
"[44, 51, 136, 182, 199, 227, 287, 395, 402, 540, 864]",2.7384,GA with MLR,11,0.4751,0.4105,0.4129,1.3329,1.0433,0.6056
"[36, 100, 109, 316, 352, 356, 363, 368, 396, 405, 439, 440, 452, 474, 871]",3.6575,GA with MLR,15,0.3667,0.4073,0.3189,1.4356,1.1263,0.5352
"[17, 191, 302, 324, 413, 470, 520, 574, 681]",2.4926,GA with MLR,9,0.2905,0.3237,0.2013,1.5545,1.2458,0.4085
"[78, 96, 174, 200, 217, 237, 270, 321, 367, 380, 459, 514, 699, 880, 940]",3.6035,GA with MLR,15,0.4512,0.3839,0.3488,1.4037,1.1132,0.5493
"[80, 154, 187, 253, 269, 311, 325, 369, 380, 429, 430, 483, 484, 490, 509, 528, 542, 559, 695]",4.4669,GA with MLR,19,0.4705,0.3001,0.3146,1.44,1.1868,0.4507
"[93, 107, 152, 154, 192, 242, 320, 326, 351, 377, 466, 510, 549, 648, 692, 928, 929]",4.0188,GA with MLR,17,0.4455,0.4019,0.3551,1.3969,1.148,0.4789
"[4, 36, 42, 77, 97, 145, 156, 164, 170, 175, 216, 350, 365, 449, 483, 486, 545]",4.0646,GA with MLR,17,0.4737,0.2526,0.1781,1.5769,1.2271,0.4648
"[57, 74, 81, 88, 113, 130, 181, 237, 324, 370, 376, 378, 380, 467, 566, 568]",3.8354,GA with MLR,16,0.4251,0.3787,0.3564,1.3955,1.1377,0.5211
"[91, 93, 103, 139, 148, 152, 179, 202, 220, 232, 249, 286, 345, 398, 430, 432, 481, 520, 522, 530, 699, 702, 865]",5.1846,GA with MLR,23,0.5765,0.3823,0.2603,1.496,1.1631,0.493
"[126, 178, 205, 216, 276, 338, 374, 383, 407, 410, 417, 436, 446, 455, 483, 524, 537]",4.0733,GA with MLR,17,0.4223,0.3207,0.2813,1.4746,1.1624,0.507
"[36, 50, 171, 206, 236, 247, 363, 368, 376, 418, 449, 482, 519, 551, 696]",3.6601,GA with MLR,15,0.3855,0.3689,0.337,1.4163,1.1266,0.5211
"[137, 168, 219, 327, 373, 563]",1.6602,GA with MLR,6,0.2292,0.1802,0.3485,1.404,1.1679,0.4507
"[50, 129, 252, 260, 285, 323, 330, 336, 341, 365, 390, 448, 461, 516, 869]",3.6371,GA with MLR,15,0.383,0.4261,0.4136,1.332,1.018,0.6056
"[216, 237, 269, 288, 390, 397, 422, 461, 475, 521, 523, 553, 561]",3.2401,GA with MLR,13,0.3716,0.3968,0.2935,1.4621,1.1227,0.507
"[50, 354, 365, 401, 404, 413, 432, 441, 471, 481, 538, 563, 681, 690, 929]",3.6845,GA with MLR,15,0.3312,0.4058,0.301,1.4543,1.1439,0.5211
"[85, 88, 169, 229, 277, 310, 454, 473, 514, 547, 570]",2.8549,GA with MLR,11,0.3413,0.3722,0.3358,1.4176,1.1689,0.507
"[6, 58, 179, 202, 208, 250, 321, 338, 437, 512, 514, 519, 525, 870, 937]",3.5041,GA with MLR,15,0.4671,0.5703,0.5522,1.164,0.9303,0.6901
"[0, 32, 185, 222, 237, 248, 256, 263, 285, 349, 402, 426, 483, 521, 868]",3.5887,GA with MLR,15,0.4601,0.4013,0.1249,1.6272,1.2202,0.5493
"[72, 231, 242, 254, 368, 401, 417, 446, 447, 449, 456, 467, 488, 572, 864]",3.6833,GA with MLR,15,0.454,0.1958,0.2655,1.4908,1.205,0.5352
"[119, 132, 489, 532, 574, 676]",1.5671,GA with MLR,6,0.2876,0.3326,0.1989,1.5569,1.2211,0.5211
"[68, 121, 129, 352, 385, 421, 431, 532]",2.2241,GA with MLR,8,0.3322,0.4045,0.3875,1.3613,1.0852,0.5634
"[0, 58, 126, 312, 327, 337, 349, 350, 423, 470, 512]",2.7442,GA with MLR,11,0.4202,0.4955,0.4697,1.2667,1.0539,0.5352
"[56, 63, 149, 159, 172, 203, 287, 296, 399, 406, 429, 438, 477, 651]",3.3697,GA with MLR,14,0.4584,0.4266,0.3111,1.4437,1.1491,0.507
"[38, 53, 77, 95, 102, 223, 256, 300, 301, 314, 330, 342, 412, 477, 676]",3.5516,GA with MLR,15,0.4569,0.4878,0.3569,1.3949,1.0966,0.5352
