Descriptor ID,Fitness,Algorithm,Dimen,R2_Train,R2_Valid,R2_Test,RMSE,MAE,Prediction
"[2, 32, 43, 46, 65, 77, 91, 102, 124, 137, 170, 171, 175, 186, 211, 229, 234, 239, 306, 324, 337, 342, 352, 387, 407, 418, 424, 444, 454, 475, 480, 506, 516, 527, 558, 564, 572, 573, 695, 696, 702, 826]",9.2275,GA with MLR,42,0.6973,0.3321,0.3386,1.4146,1.119,0.493
"[5, 15, 57, 62, 64, 65, 72, 89, 105, 111, 114, 117, 120, 172, 173, 192, 224, 254, 299, 321, 328, 337, 476, 481, 494, 518, 525, 548, 549, 565, 648]",6.6429,GA with MLR,31,0.6961,0.5855,0.5188,1.2067,0.9628,0.5493
"[6, 48, 58, 63, 83, 91, 141, 151, 213, 253, 272, 275, 311, 313, 316, 344, 402, 407, 425, 454, 456, 480, 486, 496, 538, 548, 552, 569, 678, 819, 908, 937]",6.9206,GA with MLR,32,0.6923,0.4994,0.6061,1.0917,0.8872,0.5915
"[30, 44, 48, 76, 139, 147, 149, 214, 218, 277, 286, 305, 347, 361, 373, 387, 391, 400, 408, 442, 447, 450, 517, 536, 690, 698]",5.7201,GA with MLR,26,0.6907,0.378,0.4144,1.3311,0.9845,0.6338
"[38, 56, 58, 63, 69, 91, 103, 132, 155, 168, 215, 232, 234, 271, 295, 296, 313, 334, 364, 373, 377, 389, 404, 412, 425, 450, 458, 460, 471, 502, 522, 524, 821, 908]",7.3238,GA with MLR,34,0.6821,0.5517,0.5135,1.2133,0.9819,0.5915
"[103, 130, 155, 168, 178, 192, 208, 220, 231, 236, 248, 279, 285, 288, 326, 354, 392, 393, 394, 437, 438, 446, 447, 482, 519, 558, 649, 695, 939]",6.218,GA with MLR,29,0.6806,0.6099,0.4645,1.2729,0.9538,0.6338
"[1, 2, 36, 62, 70, 91, 172, 189, 191, 192, 208, 219, 306, 320, 353, 365, 381, 400, 405, 407, 425, 438, 493, 503, 512, 519, 531, 565, 572, 695, 866, 870]",6.9049,GA with MLR,32,0.6777,0.5441,0.681,0.9824,0.7821,0.7183
"[15, 20, 54, 90, 92, 96, 102, 106, 119, 126, 175, 176, 191, 208, 232, 288, 291, 338, 395, 410, 429, 430, 471, 513, 530, 550, 553, 698, 928]",6.3712,GA with MLR,29,0.6766,0.3804,0.6223,1.0691,0.8622,0.5915
"[50, 83, 109, 114, 116, 143, 168, 191, 194, 195, 196, 206, 207, 209, 210, 217, 243, 263, 267, 286, 308, 350, 373, 393, 481, 484, 486, 498, 506, 507, 544, 545, 631, 692, 702, 939]",7.8809,GA with MLR,36,0.6737,0.3878,0.6081,1.0889,0.8561,0.6479
"[43, 47, 56, 81, 95, 159, 178, 227, 282, 284, 307, 309, 317, 337, 338, 359, 379, 393, 435, 458, 475, 485, 490, 491, 524, 543, 559, 567, 694]",6.5456,GA with MLR,29,0.6733,0.0832,0.3866,1.3623,1.0375,0.5775
"[5, 16, 32, 35, 52, 57, 66, 69, 94, 128, 194, 207, 212, 234, 252, 282, 287, 297, 384, 386, 421, 425, 439, 484, 505, 510, 516, 518, 679, 864, 907]",6.7112,GA with MLR,31,0.673,0.5218,0.6369,1.0482,0.84,0.6761
"[0, 5, 59, 63, 72, 78, 106, 151, 169, 194, 209, 282, 283, 323, 351, 367, 390, 393, 397, 441, 469, 502, 534, 542, 557, 569, 699, 816, 907]",6.3284,GA with MLR,29,0.673,0.4544,0.5964,1.1051,0.8862,0.6479
"[42, 44, 45, 50, 53, 54, 82, 91, 101, 125, 126, 156, 172, 185, 187, 190, 196, 238, 288, 294, 295, 314, 332, 353, 400, 502, 571]",5.9118,GA with MLR,27,0.6722,0.4414,0.388,1.3607,1.0376,0.5915
"[0, 3, 34, 51, 75, 101, 108, 126, 151, 171, 176, 188, 272, 275, 278, 309, 317, 380, 382, 387, 391, 400, 401, 471, 507, 509, 523, 525, 528, 566, 681, 939]",7.0143,GA with MLR,32,0.6721,0.3886,0.3783,1.3715,1.0686,0.5634
"[59, 70, 74, 78, 104, 110, 159, 178, 179, 211, 243, 245, 267, 291, 318, 341, 354, 372, 377, 403, 436, 441, 483, 489, 511, 538, 567, 650, 676, 826, 907, 930]",6.9615,GA with MLR,32,0.6713,0.4704,0.484,1.2495,1.0026,0.5775
"[0, 5, 59, 60, 63, 65, 78, 106, 151, 209, 215, 282, 283, 287, 323, 351, 367, 383, 390, 393, 401, 420, 478, 486, 494, 503, 530, 560, 678, 691, 928]",6.7456,GA with MLR,31,0.6712,0.4729,0.6829,0.9795,0.7797,0.6901
"[40, 42, 44, 53, 54, 91, 101, 125, 126, 144, 156, 162, 172, 190, 196, 254, 255, 317, 345, 376, 414, 469, 481, 489, 509, 518, 542, 561, 697, 865, 870]",6.8589,GA with MLR,31,0.6705,0.2942,0.3969,1.3509,1.1197,0.507
"[0, 6, 48, 83, 91, 141, 148, 151, 183, 213, 253, 260, 267, 270, 272, 311, 313, 316, 344, 349, 407, 425, 454, 456, 480, 486, 496, 548, 552, 566, 569, 697]",7.0515,GA with MLR,32,0.6701,0.3327,0.4198,1.325,1.0111,0.5493
"[30, 48, 66, 115, 171, 195, 202, 227, 229, 282, 288, 370, 400, 418, 431, 432, 465, 505, 562, 678, 693, 696, 698, 700]",5.3436,GA with MLR,24,0.6697,0.3285,0.4948,1.2364,1.0319,0.5493
"[20, 30, 66, 76, 79, 81, 85, 96, 97, 98, 144, 155, 158, 171, 176, 219, 269, 272, 285, 296, 304, 334, 337, 353, 383, 434, 453, 470, 495, 496, 518, 536, 564]",7.1402,GA with MLR,33,0.6691,0.5267,0.663,1.0097,0.7872,0.6761
"[2, 15, 39, 74, 138, 188, 200, 233, 281, 283, 321, 322, 340, 400, 406, 478, 505, 534, 680, 696, 826, 865]",4.8459,GA with MLR,22,0.6686,0.4633,0.5716,1.1385,0.9625,0.5915
"[6, 32, 57, 58, 68, 83, 87, 108, 111, 140, 199, 220, 281, 346, 347, 386, 389, 406, 434, 468, 473, 505, 509, 535, 536, 565, 693, 852, 929]",6.6365,GA with MLR,29,0.6685,-0.0815,0.4272,1.3165,1.0516,0.5775
"[0, 15, 30, 34, 60, 93, 103, 169, 171, 201, 212, 220, 267, 276, 289, 351, 377, 419, 424, 433, 453, 458, 504, 508, 512, 524, 567, 691, 697, 866, 907]",6.7786,GA with MLR,31,0.6684,0.4263,0.5573,1.1574,0.9481,0.5915
"[1, 6, 34, 69, 89, 91, 92, 99, 143, 161, 175, 224, 232, 291, 308, 365, 366, 370, 377, 412, 414, 489, 516, 527, 554, 557, 568, 868, 937]",6.4123,GA with MLR,29,0.668,0.3256,0.4894,1.243,0.97,0.5915
"[6, 59, 60, 87, 93, 154, 178, 205, 212, 263, 270, 297, 311, 316, 324, 331, 359, 380, 391, 400, 471, 507, 525, 528, 531, 566, 681, 691, 939]",6.5051,GA with MLR,29,0.6677,0.1652,0.4449,1.296,1.0646,0.5634
"[30, 35, 58, 70, 81, 88, 103, 107, 113, 117, 149, 161, 164, 172, 175, 190, 202, 298, 353, 355, 370, 385, 422, 470, 472, 522, 531, 555, 867, 872]",6.5118,GA with MLR,30,0.6662,0.511,0.5662,1.1457,0.9433,0.5634
"[5, 33, 39, 47, 124, 129, 145, 157, 191, 207, 210, 219, 242, 243, 302, 324, 378, 407, 412, 419, 451, 496, 498, 537, 561, 867, 906]",5.8689,GA with MLR,27,0.6658,0.5203,0.5959,1.1058,0.9088,0.6479
"[5, 16, 63, 68, 73, 85, 116, 128, 142, 168, 203, 223, 245, 280, 328, 353, 384, 407, 418, 441, 463, 476, 478, 539, 544, 554, 865]",5.9275,GA with MLR,27,0.6653,0.4265,0.4577,1.2809,1.0183,0.5775
"[5, 57, 69, 90, 92, 102, 129, 149, 168, 194, 202, 210, 229, 250, 256, 277, 320, 338, 356, 390, 394, 416, 424, 457, 467, 488, 506, 545]",6.237,GA with MLR,28,0.6649,0.2634,0.5341,1.1872,0.9509,0.5915
"[42, 44, 53, 54, 91, 101, 125, 126, 156, 172, 190, 196, 230, 254, 255, 290, 342, 345, 409, 414, 438, 469, 481, 489, 509, 542, 561, 697, 865]",6.3385,GA with MLR,29,0.6646,0.4514,0.5105,1.2169,1.0146,0.5915
"[0, 61, 66, 79, 83, 88, 110, 127, 136, 141, 163, 164, 174, 220, 224, 242, 245, 329, 342, 346, 349, 352, 357, 390, 429, 446, 467, 483, 531, 562, 699, 839, 867, 871, 941]",7.631,GA with MLR,35,0.6641,0.4486,0.4633,1.2743,0.9176,0.662
"[35, 56, 80, 85, 93, 102, 161, 181, 228, 250, 291, 354, 366, 390, 394, 400, 454, 469, 509, 515, 524, 676, 681, 868]",5.2543,GA with MLR,24,0.663,0.4939,0.1895,1.566,1.1591,0.5775
"[40, 91, 113, 156, 170, 184, 190, 211, 242, 261, 284, 291, 316, 329, 336, 351, 393, 407, 419, 514, 536, 649, 695]",5.1685,GA with MLR,23,0.6622,0.2733,0.4364,1.3059,0.9892,0.6338
"[46, 70, 91, 104, 109, 116, 122, 135, 147, 172, 180, 202, 207, 233, 237, 242, 261, 292, 300, 345, 352, 456, 480, 484, 566]",5.5482,GA with MLR,25,0.6616,0.3546,0.4487,1.2915,1.0317,0.5634
"[32, 35, 48, 60, 64, 87, 92, 101, 103, 127, 143, 159, 190, 206, 208, 219, 236, 279, 315, 346, 362, 366, 377, 382, 393, 396, 476, 504, 523, 529, 541, 650, 690, 866, 868]",7.7549,GA with MLR,35,0.661,0.2652,0.2997,1.4556,0.9734,0.6056
"[39, 43, 54, 57, 60, 90, 104, 115, 120, 142, 143, 210, 222, 234, 239, 240, 254, 269, 270, 276, 296, 306, 314, 346, 360, 376, 377, 382, 408, 493, 500, 537, 690]",7.1958,GA with MLR,33,0.661,0.4572,0.3829,1.3664,1.0901,0.5775
"[36, 44, 45, 67, 86, 123, 161, 177, 181, 204, 231, 252, 260, 279, 322, 337, 369, 410, 434, 469, 492, 505, 536, 538, 540, 543, 549, 556, 678, 867, 907]",6.7647,GA with MLR,31,0.6608,0.4592,0.4013,1.346,0.9928,0.6197
"[20, 31, 54, 93, 97, 191, 205, 215, 239, 245, 250, 275, 281, 316, 320, 366, 417, 461, 505, 517, 524, 550, 648, 676, 693]",5.4892,GA with MLR,25,0.6604,0.4582,0.5992,1.1012,0.9023,0.6197
"[16, 39, 94, 101, 114, 135, 201, 261, 300, 311, 313, 318, 356, 369, 412, 423, 453, 458, 484, 485, 512, 524, 564, 651, 676, 868, 907]",5.8918,GA with MLR,27,0.6602,0.4926,0.4362,1.3061,1.0107,0.5634
"[16, 34, 53, 91, 98, 112, 117, 139, 170, 218, 244, 248, 250, 305, 356, 419, 428, 460, 497, 515, 568, 690, 693, 870, 871]",5.494,GA with MLR,25,0.6601,0.4505,0.3871,1.3618,1.055,0.6056
"[5, 17, 34, 65, 102, 103, 107, 124, 153, 164, 195, 237, 263, 284, 334, 352, 379, 388, 392, 399, 456, 497, 507, 533, 568, 651, 696]",5.9082,GA with MLR,27,0.6597,0.4669,0.534,1.1874,0.9048,0.6338
"[56, 77, 81, 90, 116, 148, 151, 164, 166, 171, 181, 190, 221, 224, 233, 240, 249, 292, 353, 363, 368, 434, 444, 448, 453, 469, 494, 509, 519, 524, 528, 543, 547, 821, 871]",7.6283,GA with MLR,35,0.6596,0.4591,0.502,1.2275,0.8708,0.7183
"[30, 48, 66, 115, 171, 195, 202, 227, 282, 288, 370, 400, 418, 431, 432, 465, 562, 678, 693, 696, 698, 700]",4.9276,GA with MLR,22,0.659,0.333,0.4677,1.2691,1.0606,0.5352
"[44, 75, 91, 92, 94, 98, 149, 159, 172, 322, 329, 352, 356, 405, 529, 556, 695]",3.7506,GA with MLR,17,0.6586,0.567,0.512,1.2151,0.9498,0.6479
"[35, 61, 65, 71, 91, 143, 166, 174, 252, 270, 280, 306, 307, 338, 363, 368, 385, 409, 471, 482, 490, 502, 509, 569, 573]",5.6313,GA with MLR,25,0.6585,0.2092,0.3809,1.3686,1.002,0.5915
"[42, 59, 60, 68, 70, 74, 76, 97, 104, 112, 113, 142, 183, 195, 212, 230, 300, 309, 326, 358, 389, 426, 451, 500, 509, 511, 528, 564, 568]",6.3859,GA with MLR,29,0.6582,0.3846,0.5667,1.145,0.9269,0.6056
"[0, 16, 41, 42, 45, 55, 61, 62, 80, 84, 109, 121, 128, 143, 163, 206, 207, 209, 215, 260, 324, 330, 380, 402, 472, 533, 555, 559, 562, 648, 868]",6.9414,GA with MLR,31,0.6581,0.1731,0.4311,1.3119,1.0033,0.5775
"[36, 45, 56, 75, 104, 107, 108, 134, 170, 194, 212, 241, 279, 306, 308, 315, 338, 347, 395, 402, 405, 406, 470, 516, 534, 548, 566, 696, 864, 906, 938]",6.7586,GA with MLR,31,0.6579,0.4731,0.5065,1.2219,0.973,0.5915
"[0, 16, 17, 36, 63, 84, 166, 187, 217, 233, 384, 390, 414, 422, 430, 442, 486, 505, 544, 564, 572, 677, 826, 870]",5.2833,GA with MLR,24,0.6579,0.453,0.5572,1.1575,0.9333,0.5775
"[5, 31, 36, 79, 80, 88, 93, 118, 125, 178, 183, 203, 214, 215, 255, 313, 369, 385, 386, 396, 453, 512, 532, 537, 552, 572, 676, 697, 702, 816]",6.7051,GA with MLR,30,0.6578,0.2083,0.4231,1.3211,1.0153,0.5211
"[0, 3, 16, 34, 51, 101, 108, 126, 164, 171, 188, 275, 291, 306, 309, 316, 317, 380, 382, 391, 400, 467, 471, 494, 507, 525, 528, 566, 681, 939]",6.5857,GA with MLR,30,0.6576,0.4085,0.5224,1.2022,0.9576,0.6056
"[17, 30, 49, 58, 70, 79, 144, 159, 179, 186, 207, 213, 214, 227, 231, 243, 297, 330, 345, 350, 355, 360, 374, 379, 422, 441, 563, 569, 871, 938]",6.6268,GA with MLR,30,0.657,0.3424,0.5058,1.2228,1.0073,0.5915
"[5, 15, 17, 59, 68, 70, 108, 126, 138, 165, 196, 242, 285, 289, 346, 387, 392, 400, 421, 485, 493, 505, 535, 561, 572, 695]",5.6678,GA with MLR,26,0.6568,0.5179,0.603,1.0961,0.8555,0.6056
"[5, 15, 36, 51, 64, 71, 85, 116, 127, 140, 178, 216, 232, 270, 277, 298, 328, 333, 344, 395, 448, 479, 480, 482, 488, 502, 526, 529, 565]",6.4013,GA with MLR,29,0.6567,0.3613,0.2773,1.4788,1.1359,0.5915
"[5, 58, 76, 111, 120, 122, 127, 144, 210, 253, 281, 296, 300, 361, 393, 394, 413, 418, 421, 436, 445, 447, 532, 565, 648, 677, 702, 908]",6.1095,GA with MLR,28,0.6567,0.4893,0.6262,1.0635,0.8866,0.5634
"[6, 50, 55, 61, 63, 71, 74, 181, 194, 195, 210, 212, 243, 249, 280, 300, 319, 343, 345, 347, 356, 362, 379, 399, 469, 482, 499, 508, 509, 519, 524, 528, 549, 554, 679, 906, 929]",8.0683,GA with MLR,37,0.6566,0.4572,0.4152,1.3301,1.0264,0.6197
"[0, 15, 30, 34, 69, 103, 137, 169, 174, 178, 212, 220, 226, 267, 276, 289, 334, 377, 419, 433, 458, 497, 508, 512, 524, 839, 868]",5.93,GA with MLR,27,0.6566,0.4359,0.5072,1.2211,0.9843,0.5352
"[1, 36, 57, 65, 93, 124, 127, 151, 161, 171, 174, 221, 242, 267, 279, 297, 301, 374, 398, 434, 490, 537, 542, 545, 563, 566, 702]",6.0528,GA with MLR,27,0.6564,0.2232,0.5287,1.1942,0.9464,0.5775
"[0, 30, 51, 55, 80, 102, 109, 127, 141, 158, 163, 164, 234, 238, 239, 291, 350, 351, 357, 404, 418, 471, 478, 481, 484, 494, 498, 513, 514, 554, 563, 697, 907, 928]",7.448,GA with MLR,34,0.6563,0.4098,0.5562,1.1588,0.9344,0.6056
"[53, 117, 118, 142, 170, 171, 175, 187, 207, 249, 304, 311, 313, 315, 324, 330, 331, 391, 428, 446, 466, 486, 488, 490, 521, 529, 555, 826, 872]",6.3543,GA with MLR,29,0.6562,0.439,0.5713,1.1389,0.8751,0.6761
"[3, 5, 58, 62, 68, 85, 162, 164, 183, 185, 198, 220, 223, 228, 281, 296, 344, 365, 370, 435, 504, 512, 553, 693, 696]",5.4914,GA with MLR,25,0.6561,0.4613,0.5819,1.1248,0.9005,0.6479
"[5, 15, 36, 42, 63, 87, 92, 168, 189, 219, 255, 263, 279, 282, 325, 345, 353, 357, 368, 390, 412, 469, 488, 572]",5.2601,GA with MLR,24,0.6559,0.4956,0.6166,1.0771,0.8725,0.6761
"[41, 77, 128, 164, 180, 192, 213, 280, 322, 331, 366, 373, 400, 429, 458, 544, 561, 690]",4.0065,GA with MLR,18,0.6559,0.4867,0.3544,1.3977,1.1138,0.507
"[6, 48, 58, 83, 91, 141, 151, 213, 253, 272, 311, 313, 316, 344, 407, 425, 454, 456, 480, 486, 496, 548, 552, 569, 678, 908, 937]",5.8873,GA with MLR,27,0.6558,0.5068,0.6013,1.0984,0.87,0.6338
"[0, 2, 16, 49, 84, 111, 201, 212, 241, 250, 280, 281, 291, 323, 330, 347, 408, 422, 450, 469, 488, 503, 527, 529]",5.2177,GA with MLR,24,0.6557,0.5659,0.6183,1.0746,0.8615,0.5915
"[15, 45, 91, 93, 128, 133, 175, 185, 192, 254, 279, 309, 325, 343, 348, 381, 408, 438, 440, 497, 509, 541, 559, 561, 696, 929]",5.7197,GA with MLR,26,0.6554,0.4344,0.4021,1.345,0.9899,0.5915
"[0, 4, 15, 91, 109, 119, 148, 149, 166, 167, 168, 210, 215, 337, 341, 381, 383, 384, 389, 416, 424, 426, 427, 441, 472, 531, 573, 615, 940]",6.4735,GA with MLR,29,0.6551,0.2405,0.473,1.2627,0.9891,0.5493
"[6, 63, 64, 147, 154, 178, 231, 243, 249, 288, 293, 301, 306, 336, 368, 413, 426, 491, 493, 531, 548, 556, 872, 929]",5.2954,GA with MLR,24,0.6548,0.4373,0.5069,1.2215,0.9185,0.662
"[33, 38, 39, 55, 81, 107, 113, 124, 128, 133, 149, 162, 168, 183, 189, 206, 211, 217, 236, 241, 282, 301, 308, 338, 353, 417, 423, 446, 461, 482, 500, 546, 568, 676, 678, 690, 696, 864]",8.3571,GA with MLR,38,0.6548,0.361,0.3108,1.444,1.0807,0.5634
"[15, 34, 46, 69, 89, 126, 171, 207, 210, 305, 328, 336, 385, 393, 431, 432, 433, 438, 442, 450, 557, 559, 678, 695, 826, 872, 937, 939, 941]",6.3275,GA with MLR,29,0.6545,0.4843,0.584,1.122,0.8787,0.5915
"[30, 66, 99, 109, 125, 164, 165, 169, 174, 193, 213, 230, 236, 241, 358, 366, 400, 417, 465, 530, 546, 631]",4.7879,GA with MLR,22,0.6541,0.5851,0.5804,1.1268,0.8889,0.6761
"[16, 34, 64, 94, 105, 116, 154, 159, 178, 193, 226, 291, 299, 327, 474, 494, 517, 533, 556, 559, 566, 940]",4.9153,GA with MLR,22,0.6541,0.3636,0.5862,1.1189,0.8841,0.6479
"[16, 39, 50, 90, 106, 117, 126, 141, 166, 208, 219, 248, 252, 306, 354, 415, 438, 461, 480, 482, 489, 527, 545, 816]",5.2665,GA with MLR,24,0.6536,0.4886,0.5895,1.1145,0.9162,0.5915
"[53, 76, 78, 153, 155, 171, 211, 214, 246, 260, 281, 282, 295, 315, 329, 341, 346, 372, 379, 414, 464, 467, 468, 487, 574, 677, 694, 866]",6.254,GA with MLR,28,0.6533,0.2515,0.4362,1.3061,1.0597,0.5352
"[0, 5, 15, 41, 54, 140, 159, 170, 192, 231, 331, 373, 384, 393, 456, 473, 490, 508, 536, 546, 648, 681, 692]",5.0573,GA with MLR,23,0.653,0.487,0.5991,1.1013,0.8552,0.662
"[52, 62, 81, 99, 103, 140, 162, 208, 286, 297, 320, 321, 384, 404, 442, 446, 463, 488, 506, 522, 528, 533, 543, 548, 554, 649, 678, 690, 697, 938]",6.5668,GA with MLR,30,0.6527,0.4464,0.5111,1.2162,0.9058,0.6761
"[1, 32, 48, 58, 60, 64, 99, 112, 141, 152, 164, 232, 240, 255, 260, 281, 311, 372, 397, 417, 485, 497, 544, 693, 938]",5.4504,GA with MLR,25,0.6526,0.5347,0.4637,1.2739,0.9903,0.5775
"[17, 42, 58, 91, 98, 136, 152, 211, 247, 255, 263, 291, 327, 342, 354, 355, 371, 377, 424, 431, 462, 483, 573, 697, 906]",5.5153,GA with MLR,25,0.6521,0.427,0.5804,1.1268,0.9017,0.6338
"[66, 73, 125, 152, 161, 178, 204, 207, 291, 302, 330, 334, 337, 363, 370, 373, 391, 393, 411, 435, 449, 486, 528, 532, 539, 695, 699, 703, 872, 906, 939]",6.8627,GA with MLR,31,0.652,0.3159,0.5162,1.2099,0.9903,0.662
"[6, 48, 58, 83, 113, 140, 141, 151, 158, 213, 253, 272, 311, 313, 315, 316, 344, 407, 425, 454, 456, 478, 480, 486, 496, 523, 548, 552, 569, 697, 937]",6.7432,GA with MLR,31,0.652,0.5055,0.5808,1.1262,0.9133,0.5915
"[3, 30, 31, 49, 69, 91, 126, 132, 170, 185, 197, 212, 228, 232, 250, 286, 295, 318, 319, 323, 329, 349, 353, 378, 383, 410, 462, 477, 546, 558, 572, 693, 697, 872, 930]",7.6574,GA with MLR,35,0.652,0.4274,0.4514,1.2884,1.0286,0.5634
"[16, 46, 87, 92, 110, 126, 169, 192, 232, 251, 271, 280, 281, 309, 342, 354, 370, 404, 406, 408, 439, 489, 491, 522, 527, 546, 679, 695]",6.1368,GA with MLR,28,0.6518,0.453,0.4209,1.3237,1.0655,0.5352
"[45, 72, 91, 105, 155, 158, 173, 208, 222, 223, 252, 283, 285, 294, 311, 315, 331, 391, 400, 411, 432, 442, 459, 479, 497, 508, 509, 511, 537, 544, 700]",6.7828,GA with MLR,31,0.6517,0.445,0.3765,1.3735,1.0276,0.6338
"[30, 34, 50, 91, 113, 117, 138, 164, 171, 189, 224, 227, 237, 287, 330, 351, 409, 427, 453, 497, 536, 558, 563]",5.0687,GA with MLR,23,0.6515,0.4699,0.5349,1.1863,0.9099,0.662
"[32, 38, 39, 54, 63, 67, 100, 103, 133, 181, 211, 219, 230, 249, 261, 290, 304, 306, 322, 410, 419, 446, 507, 907]",5.3182,GA with MLR,24,0.6515,0.403,0.4819,1.252,1.0006,0.5775
"[3, 5, 17, 58, 90, 114, 117, 160, 183, 269, 270, 277, 295, 309, 326, 332, 333, 346, 353, 354, 368, 380, 407, 412, 418, 435, 451, 452, 458, 492, 523, 530, 571, 868]",7.3773,GA with MLR,34,0.6514,0.5212,0.571,1.1393,0.9102,0.5775
"[71, 72, 84, 91, 103, 152, 248, 249, 276, 287, 330, 337, 438, 456, 560, 561, 872]",3.7679,GA with MLR,17,0.6513,0.5487,0.6196,1.0728,0.8314,0.662
"[2, 5, 20, 34, 54, 138, 143, 185, 249, 286, 306, 317, 319, 322, 349, 370, 401, 448, 449, 458, 491, 504, 512, 544, 550, 676, 691, 699, 940]",6.4331,GA with MLR,29,0.6513,0.3161,0.3714,1.3792,1.024,0.5634
"[30, 32, 102, 109, 117, 139, 143, 171, 172, 175, 189, 198, 199, 209, 210, 226, 250, 253, 291, 318, 367, 381, 388, 409, 430, 445, 447, 454, 457, 463, 479, 489, 507, 519, 525, 556, 699, 941]",8.5192,GA with MLR,38,0.6513,0.1191,0.2425,1.5139,1.1593,0.5352
"[1, 36, 65, 93, 124, 127, 161, 174, 175, 221, 242, 256, 267, 279, 297, 301, 374, 416, 435, 490, 506, 530, 542, 702, 826]",5.5188,GA with MLR,25,0.6512,0.4225,0.5415,1.1779,0.9289,0.5775
"[61, 84, 89, 157, 159, 170, 201, 212, 216, 226, 227, 249, 295, 307, 337, 364, 366, 383, 391, 399, 427, 430, 432, 434, 438, 472, 520, 552, 702, 839, 868, 930]",6.9626,GA with MLR,32,0.651,0.4993,0.5208,1.2041,0.9573,0.5915
"[34, 61, 84, 95, 124, 138, 149, 160, 162, 167, 192, 198, 199, 203, 212, 215, 234, 235, 244, 322, 386, 423, 425, 428, 473, 475, 500, 501, 516, 520, 558, 826]",7.0195,GA with MLR,32,0.6506,0.4126,0.6038,1.0948,0.8889,0.6338
"[6, 85, 106, 141, 163, 208, 224, 231, 267, 286, 291, 295, 340, 412, 430, 479, 483, 485, 492, 522, 540, 565, 631, 690, 839, 907, 908, 928]",6.1545,GA with MLR,28,0.6506,0.4258,0.5829,1.1234,0.9002,0.6338
"[35, 53, 59, 68, 87, 88, 92, 99, 166, 168, 170, 177, 186, 209, 211, 212, 347, 364, 406, 442, 467, 473, 487, 500, 520, 525, 546, 648, 676, 839]",6.5913,GA with MLR,30,0.6504,0.4106,0.5371,1.1835,0.9444,0.5915
"[0, 35, 38, 48, 60, 137, 142, 173, 245, 249, 263, 270, 294, 338, 352, 361, 365, 368, 381, 390, 412, 420, 430, 443, 461, 482, 484, 651, 681, 696, 821, 937]",7.0792,GA with MLR,32,0.6502,0.3177,0.3884,1.3604,1.0417,0.6197
"[5, 16, 36, 79, 80, 88, 93, 128, 178, 183, 203, 208, 214, 220, 255, 313, 369, 385, 386, 396, 400, 408, 453, 506, 512, 537, 676, 697, 702]",6.2941,GA with MLR,29,0.6502,0.543,0.4588,1.2797,0.9975,0.5775
"[1, 15, 38, 40, 44, 49, 53, 59, 76, 122, 133, 168, 217, 270, 324, 368, 381, 394, 443, 445, 449, 485, 488, 492, 498, 516, 518, 544, 676, 907]",6.572,GA with MLR,30,0.6502,0.4418,0.4054,1.3413,1.0798,0.507
"[65, 111, 114, 120, 123, 134, 172, 190, 192, 207, 231, 237, 260, 306, 353, 379, 427, 454, 455, 511, 522, 552, 691, 694, 816, 821]",5.7518,GA with MLR,26,0.6501,0.3882,0.3306,1.4232,1.0059,0.6197
"[2, 42, 52, 55, 62, 64, 79, 127, 176, 177, 178, 198, 213, 227, 231, 236, 250, 322, 329, 363, 377, 433, 482, 487, 502, 504, 506, 528]",6.2318,GA with MLR,28,0.65,0.2957,0.373,1.3773,1.1006,0.5352
"[99, 178, 196, 218, 227, 295, 299, 329, 333, 353, 374, 404, 434, 504, 543, 547, 549, 691, 693, 940]",4.5648,GA with MLR,20,0.6498,0.2346,0.445,1.2958,1.0071,0.6056
"[49, 82, 84, 120, 124, 156, 175, 212, 249, 296, 312, 318, 333, 376, 390, 410, 419, 421, 426, 443, 466, 467, 481, 490, 516, 537, 539, 615, 631, 693, 826]",6.9091,GA with MLR,31,0.6498,0.2414,0.3963,1.3515,1.0835,0.507
"[6, 32, 33, 43, 47, 53, 58, 88, 140, 173, 174, 228, 319, 329, 358, 362, 373, 402, 405, 471, 497, 502, 505, 539, 561, 572, 648, 677, 690, 691, 698, 906]",6.9403,GA with MLR,32,0.6497,0.5344,0.506,1.2226,0.9238,0.6056
"[54, 63, 76, 84, 87, 118, 150, 164, 177, 179, 185, 207, 208, 223, 230, 245, 279, 316, 320, 325, 334, 341, 343, 352, 358, 482, 510, 523, 526, 565, 819, 826]",6.9727,GA with MLR,32,0.6494,0.4864,0.6014,1.0983,0.8945,0.6197
"[38, 52, 54, 64, 71, 91, 94, 132, 171, 177, 215, 216, 244, 282, 286, 298, 315, 320, 330, 374, 395, 426, 431, 476, 498, 534, 561]",5.9521,GA with MLR,27,0.6494,0.4102,0.4309,1.3122,1.0567,0.5775
"[0, 43, 45, 53, 60, 61, 78, 104, 109, 158, 160, 166, 210, 211, 213, 243, 270, 279, 360, 400, 408, 411, 455, 468, 517, 560, 568, 676, 871]",6.3757,GA with MLR,29,0.6494,0.4147,0.4402,1.3015,1.0334,0.5634
"[40, 41, 46, 76, 84, 90, 91, 154, 190, 212, 241, 254, 302, 325, 341, 356, 360, 375, 400, 416, 429, 436, 442, 491, 497, 505, 539, 567, 679]",6.2966,GA with MLR,29,0.6492,0.5406,0.5287,1.1942,0.9945,0.6197
"[16, 79, 98, 117, 171, 172, 214, 241, 255, 281, 297, 337, 367, 387, 436, 458, 483, 498, 548, 550, 574]",4.6087,GA with MLR,21,0.6491,0.5427,0.5843,1.1216,0.8967,0.5915
"[50, 66, 89, 90, 135, 136, 151, 155, 158, 171, 190, 198, 280, 359, 373, 396, 450, 456, 457, 463, 473, 555, 563, 569, 681, 702, 872]",6.0757,GA with MLR,27,0.6491,0.193,0.3866,1.3623,1.0548,0.5775
"[0, 15, 47, 49, 59, 72, 90, 97, 164, 208, 213, 305, 406, 413, 416, 430, 648, 681, 693, 906]",4.3568,GA with MLR,20,0.6485,0.6164,0.5676,1.1439,0.8746,0.6338
"[58, 60, 67, 100, 104, 126, 165, 191, 195, 251, 288, 292, 329, 409, 454, 498, 504, 523, 537, 542, 546, 559, 570, 571, 648, 677, 698, 940]",6.2028,GA with MLR,28,0.6485,0.348,0.5938,1.1086,0.8973,0.5915
"[72, 91, 118, 157, 166, 167, 201, 209, 231, 272, 350, 363, 367, 370, 398, 409, 425, 463, 528, 529, 545, 559, 690, 696, 907]",5.485,GA with MLR,25,0.6484,0.4842,0.4685,1.2682,0.9523,0.6056
"[15, 36, 71, 92, 105, 109, 155, 170, 178, 192, 288, 292, 307, 346, 374, 387, 400, 442, 444, 510, 520, 527, 529, 549, 691, 821, 839]",5.9145,GA with MLR,27,0.6484,0.4742,0.5403,1.1794,0.9812,0.5915
"[20, 40, 41, 44, 53, 54, 79, 82, 85, 137, 141, 148, 151, 155, 164, 167, 203, 297, 334, 342, 344, 371, 386, 410, 425, 450, 676, 679, 703, 871]",6.6002,GA with MLR,30,0.6483,0.3992,0.5983,1.1024,0.8978,0.6338
"[3, 34, 56, 58, 64, 80, 136, 175, 180, 227, 251, 263, 270, 295, 308, 313, 330, 349, 366, 396, 463, 487, 489, 568, 572]",5.5534,GA with MLR,25,0.6483,0.3669,0.6715,0.997,0.8035,0.6338
"[15, 34, 42, 111, 113, 172, 201, 209, 221, 224, 240, 247, 306, 325, 362, 391, 402, 405, 437, 445, 501, 531, 536, 678, 821]",5.4721,GA with MLR,25,0.6483,0.5059,0.5632,1.1497,0.945,0.6197
"[38, 44, 86, 115, 122, 127, 149, 169, 178, 183, 190, 199, 234, 267, 283, 296, 305, 356, 358, 442, 517, 530, 547, 559, 566, 650]",5.7318,GA with MLR,26,0.6481,0.4255,0.5486,1.1687,0.9271,0.6479
"[49, 60, 84, 107, 108, 122, 195, 213, 241, 267, 323, 349, 398, 400, 403, 455, 509, 511, 516, 533, 545, 567, 872]",5.1252,GA with MLR,23,0.6481,0.3757,0.4777,1.2571,0.9403,0.6197
"[39, 50, 64, 86, 97, 109, 165, 186, 232, 292, 364, 392, 410, 411, 466, 481, 482, 483, 485, 511, 516, 529, 537, 544, 866, 870, 937]",6.1161,GA with MLR,27,0.6481,0.1193,0.2844,1.4715,1.1019,0.5775
"[39, 60, 95, 101, 119, 190, 200, 212, 216, 241, 254, 325, 341, 356, 360, 375, 400, 416, 436, 442, 467, 477, 491, 494, 505, 507, 509, 539, 567, 649, 679, 702, 938]",7.2597,GA with MLR,33,0.6481,0.3782,0.2768,1.4792,1.1152,0.5775